interactive,200.0,0.0
batch01,0.0,0.0
batch02,0.0,0.0
batch03,0.0,0.0
batch04,0.0,0.0
interactive,0.0,0.0
batch01,50.0,0.0
batch02,50.0,0.0
batch03,50.0,0.0
batch04,50.0,0.0
interactive,0.0,0.0
batch01,50.0,0.0
batch02,50.0,0.0
batch03,50.0,0.0
batch04,50.0,0.0
interactive,0.0,0.0
batch01,50.0,0.0
batch02,50.0,0.0
batch03,50.0,0.0
batch04,50.0,0.0
interactive,0.0,0.0
batch01,50.0,0.0
batch02,50.0,0.0
batch03,50.0,0.0
batch04,50.0,0.0
interactive,0.0,0.0
batch01,50.0,0.0
batch02,50.0,0.0
batch03,50.0,0.0
batch04,50.0,0.0
interactive,0.0,0.0
batch01,50.0,0.0
batch02,50.0,0.0
batch03,50.0,0.0
batch04,50.0,0.0
interactive,0.0,0.0
batch01,50.0,0.0
batch02,50.0,0.0
batch03,50.0,0.0
batch04,50.0,0.0
interactive,0.0,0.0
batch01,50.0,0.0
batch02,50.0,0.0
batch03,50.0,0.0
batch04,50.0,0.0
interactive,0.0,0.0
batch01,50.0,0.0
batch02,50.0,0.0
batch03,50.0,0.0
batch04,50.0,0.0
interactive,200.0,0.0
batch01,0.0,0.0
batch02,0.0,0.0
batch03,0.0,0.0
batch04,0.0,0.0
interactive,0.0,0.0
batch01,48.0,0.0
batch02,48.0,0.0
batch03,48.0,0.0
batch04,48.0,0.0
interactive,0.0,0.0
batch01,48.0,0.0
batch02,48.0,0.0
batch03,48.0,0.0
batch04,48.0,0.0
interactive,0.0,0.0
batch01,48.0,0.0
batch02,48.0,0.0
batch03,48.0,0.0
batch04,48.0,0.0
interactive,0.0,0.0
batch01,48.0,0.0
batch02,48.0,0.0
batch03,48.0,0.0
batch04,48.0,0.0
interactive,0.0,0.0
batch01,48.0,0.0
batch02,48.0,0.0
batch03,48.0,0.0
batch04,48.0,0.0
interactive,0.0,0.0
batch01,48.0,0.0
batch02,48.0,0.0
batch03,48.0,0.0
batch04,48.0,0.0
interactive,0.0,0.0
batch01,48.0,0.0
batch02,48.0,0.0
batch03,48.0,0.0
batch04,48.0,0.0
interactive,0.0,0.0
batch01,48.0,0.0
batch02,48.0,0.0
batch03,48.0,0.0
batch04,48.0,0.0
interactive,0.0,0.0
batch01,48.0,0.0
batch02,48.0,0.0
batch03,48.0,0.0
batch04,48.0,0.0
interactive,200.0,0.0
batch01,0.0,0.0
batch02,0.0,0.0
batch03,0.0,0.0
batch04,0.0,0.0
interactive,0.0,0.0
batch01,50.0,0.0
batch02,50.0,0.0
batch03,60.0,0.0
batch04,40.0,0.0
interactive,0.0,0.0
batch01,50.0,0.0
batch02,50.0,0.0
batch03,60.0,0.0
batch04,40.0,0.0
interactive,0.0,0.0
batch01,50.0,0.0
batch02,50.0,0.0
batch03,60.0,0.0
batch04,40.0,0.0
interactive,0.0,0.0
batch01,50.0,0.0
batch02,50.0,0.0
batch03,60.0,0.0
batch04,40.0,0.0
interactive,0.0,0.0
batch01,48.0,0.0
batch02,48.0,0.0
batch03,64.0,0.0
batch04,32.0,0.0
interactive,0.0,0.0
batch01,48.0,0.0
batch02,48.0,0.0
batch03,64.0,0.0
batch04,32.0,0.0
interactive,0.0,0.0
batch01,48.0,0.0
batch02,48.0,0.0
batch03,64.0,0.0
batch04,32.0,0.0
interactive,0.0,0.0
batch01,48.0,0.0
batch02,48.0,0.0
batch03,64.0,0.0
batch04,32.0,0.0
interactive,0.0,0.0
batch01,48.0,0.0
batch02,48.0,0.0
batch03,64.0,0.0
batch04,32.0,0.0
interactive,200.0,0.0
batch01,0.0,0.0
batch02,0.0,0.0
batch03,0.0,0.0
batch04,0.0,0.0
interactive,0.0,0.0
batch01,49.0,0.0
batch02,49.0,0.0
batch03,63.0,0.0
batch04,35.0,0.0
interactive,0.0,0.0
batch01,49.0,0.0
batch02,49.0,0.0
batch03,63.0,0.0
batch04,35.0,0.0
interactive,0.0,0.0
batch01,49.0,0.0
batch02,49.0,0.0
batch03,63.0,0.0
batch04,35.0,0.0
interactive,0.0,0.0
batch01,49.0,0.0
batch02,49.0,0.0
batch03,63.0,0.0
batch04,35.0,0.0
interactive,0.0,0.0
batch01,48.0,0.0
batch02,48.0,0.0
batch03,60.0,0.0
batch04,36.0,0.0
interactive,0.0,0.0
batch01,48.0,0.0
batch02,48.0,0.0
batch03,60.0,0.0
batch04,36.0,0.0
interactive,0.0,0.0
batch01,48.0,0.0
batch02,48.0,0.0
batch03,60.0,0.0
batch04,36.0,0.0
interactive,0.0,0.0
batch01,48.0,0.0
batch02,48.0,0.0
batch03,60.0,0.0
batch04,36.0,0.0
interactive,0.0,0.0
batch01,48.0,0.0
batch02,48.0,0.0
batch03,60.0,0.0
batch04,36.0,0.0
interactive,200.0,0.0
batch01,0.0,0.0
batch02,0.0,0.0
batch03,0.0,0.0
batch04,0.0,0.0
interactive,0.0,0.0
batch01,45.0,0.0
batch02,45.0,0.0
batch03,55.0,0.0
batch04,35.0,0.0
interactive,0.0,0.0
batch01,45.0,0.0
batch02,45.0,0.0
batch03,55.0,0.0
batch04,35.0,0.0
interactive,0.0,0.0
batch01,45.0,0.0
batch02,45.0,0.0
batch03,55.0,0.0
batch04,35.0,0.0
interactive,0.0,0.0
batch01,45.0,0.0
batch02,45.0,0.0
batch03,55.0,0.0
batch04,35.0,0.0
interactive,0.0,0.0
batch01,50.0,0.0
batch02,50.0,0.0
batch03,60.0,0.0
batch04,40.0,0.0
interactive,0.0,0.0
batch01,50.0,0.0
batch02,50.0,0.0
batch03,60.0,0.0
batch04,40.0,0.0
interactive,0.0,0.0
batch01,50.0,0.0
batch02,50.0,0.0
batch03,60.0,0.0
batch04,40.0,0.0
interactive,0.0,0.0
batch01,50.0,0.0
batch02,50.0,0.0
batch03,60.0,0.0
batch04,40.0,0.0
interactive,0.0,0.0
batch01,50.0,0.0
batch02,50.0,0.0
batch03,60.0,0.0
batch04,40.0,0.0
interactive,200.0,0.0
batch01,0.0,0.0
batch02,0.0,0.0
batch03,0.0,0.0
batch04,0.0,0.0
interactive,0.0,0.0
batch01,50.0,0.0
batch02,50.0,0.0
batch03,60.0,0.0
batch04,40.0,0.0
interactive,0.0,0.0
batch01,50.0,0.0
batch02,50.0,0.0
batch03,60.0,0.0
batch04,40.0,0.0
interactive,0.0,0.0
batch01,50.0,0.0
batch02,50.0,0.0
batch03,60.0,0.0
batch04,40.0,0.0
interactive,0.0,0.0
batch01,50.0,0.0
batch02,50.0,0.0
batch03,60.0,0.0
batch04,40.0,0.0
interactive,0.0,0.0
batch01,50.0,0.0
batch02,50.0,0.0
batch03,60.0,0.0
batch04,40.0,0.0
interactive,0.0,0.0
batch01,50.0,0.0
batch02,50.0,0.0
batch03,60.0,0.0
batch04,40.0,0.0
interactive,0.0,0.0
batch01,50.0,0.0
batch02,50.0,0.0
batch03,60.0,0.0
batch04,40.0,0.0
interactive,0.0,0.0
batch01,50.0,0.0
batch02,50.0,0.0
batch03,60.0,0.0
batch04,40.0,0.0
interactive,0.0,0.0
batch01,50.0,0.0
batch02,50.0,0.0
batch03,60.0,0.0
batch04,40.0,0.0
interactive,200.0,0.0
batch01,0.0,0.0
batch02,0.0,0.0
batch03,0.0,0.0
batch04,0.0,0.0
interactive,0.0,0.0
batch01,50.0,0.0
batch02,50.0,0.0
batch03,60.0,0.0
batch04,40.0,0.0
interactive,0.0,0.0
batch01,50.0,0.0
batch02,50.0,0.0
batch03,60.0,0.0
batch04,40.0,0.0
interactive,0.0,0.0
batch01,50.0,0.0
batch02,50.0,0.0
batch03,60.0,0.0
batch04,40.0,0.0
interactive,0.0,0.0
batch01,50.0,0.0
batch02,50.0,0.0
batch03,60.0,0.0
batch04,40.0,0.0
interactive,0.0,0.0
batch01,50.0,0.0
batch02,50.0,0.0
batch03,60.0,0.0
batch04,40.0,0.0
interactive,0.0,0.0
batch01,50.0,0.0
batch02,50.0,0.0
batch03,60.0,0.0
batch04,40.0,0.0
interactive,0.0,0.0
batch01,50.0,0.0
batch02,50.0,0.0
batch03,60.0,0.0
batch04,40.0,0.0
interactive,0.0,0.0
batch01,50.0,0.0
batch02,50.0,0.0
batch03,60.0,0.0
batch04,40.0,0.0
interactive,0.0,0.0
batch01,50.0,0.0
batch02,50.0,0.0
batch03,60.0,0.0
batch04,40.0,0.0
interactive,200.0,0.0
batch01,0.0,0.0
batch02,0.0,0.0
batch03,0.0,0.0
batch04,0.0,0.0
interactive,0.0,0.0
batch01,50.0,0.0
batch02,50.0,0.0
batch03,60.0,0.0
batch04,40.0,0.0
interactive,0.0,0.0
batch01,50.0,0.0
batch02,50.0,0.0
batch03,60.0,0.0
batch04,40.0,0.0
interactive,0.0,0.0
batch01,50.0,0.0
batch02,50.0,0.0
batch03,60.0,0.0
batch04,40.0,0.0
interactive,0.0,0.0
batch01,50.0,0.0
batch02,50.0,0.0
batch03,60.0,0.0
batch04,40.0,0.0
interactive,0.0,0.0
batch01,50.0,0.0
batch02,50.0,0.0
batch03,60.0,0.0
batch04,40.0,0.0
interactive,0.0,0.0
batch01,50.0,0.0
batch02,50.0,0.0
batch03,60.0,0.0
batch04,40.0,0.0
interactive,0.0,0.0
batch01,50.0,0.0
batch02,50.0,0.0
batch03,60.0,0.0
batch04,40.0,0.0
interactive,0.0,0.0
batch01,50.0,0.0
batch02,50.0,0.0
batch03,60.0,0.0
batch04,40.0,0.0
interactive,0.0,0.0
batch01,50.0,0.0
batch02,50.0,0.0
batch03,60.0,0.0
batch04,40.0,0.0
interactive,200.0,0.0
batch01,0.0,0.0
batch02,0.0,0.0
batch03,0.0,0.0
batch04,0.0,0.0
interactive,0.0,0.0
batch01,50.0,0.0
batch02,50.0,0.0
batch03,60.0,0.0
batch04,40.0,0.0
interactive,0.0,0.0
batch01,50.0,0.0
batch02,50.0,0.0
batch03,60.0,0.0
batch04,40.0,0.0
interactive,0.0,0.0
batch01,50.0,0.0
batch02,50.0,0.0
batch03,60.0,0.0
batch04,40.0,0.0
interactive,0.0,0.0
batch01,50.0,0.0
batch02,50.0,0.0
batch03,60.0,0.0
batch04,40.0,0.0
interactive,0.0,0.0
batch01,50.0,0.0
batch02,50.0,0.0
batch03,60.0,0.0
batch04,40.0,0.0
interactive,0.0,0.0
batch01,50.0,0.0
batch02,50.0,0.0
batch03,60.0,0.0
batch04,40.0,0.0
interactive,0.0,0.0
batch01,50.0,0.0
batch02,50.0,0.0
batch03,60.0,0.0
batch04,40.0,0.0
interactive,0.0,0.0
batch01,50.0,0.0
batch02,50.0,0.0
batch03,60.0,0.0
batch04,40.0,0.0
interactive,0.0,0.0
batch01,50.0,0.0
batch02,50.0,0.0
batch03,60.0,0.0
batch04,40.0,0.0
interactive,200.0,0.0
batch01,0.0,0.0
batch02,0.0,0.0
batch03,0.0,0.0
batch04,0.0,0.0
interactive,0.0,0.0
batch01,50.0,0.0
batch02,50.0,0.0
batch03,60.0,0.0
batch04,40.0,0.0
interactive,0.0,0.0
batch01,50.0,0.0
batch02,50.0,0.0
batch03,60.0,0.0
batch04,40.0,0.0
interactive,0.0,0.0
batch01,50.0,0.0
batch02,50.0,0.0
batch03,60.0,0.0
batch04,40.0,0.0
interactive,0.0,0.0
batch01,50.0,0.0
batch02,50.0,0.0
batch03,60.0,0.0
batch04,40.0,0.0
interactive,0.0,0.0
batch01,50.0,0.0
batch02,50.0,0.0
batch03,60.0,0.0
batch04,40.0,0.0
interactive,0.0,0.0
batch01,50.0,0.0
batch02,50.0,0.0
batch03,60.0,0.0
batch04,40.0,0.0
interactive,0.0,0.0
batch01,50.0,0.0
batch02,50.0,0.0
batch03,60.0,0.0
batch04,40.0,0.0
interactive,0.0,0.0
batch01,50.0,0.0
batch02,50.0,0.0
batch03,60.0,0.0
batch04,40.0,0.0
interactive,0.0,0.0
batch01,50.0,0.0
batch02,50.0,0.0
batch03,60.0,0.0
batch04,40.0,0.0
interactive,0.0,0.0
batch01,50.0,0.0
batch02,50.0,0.0
batch03,60.0,0.0
batch04,40.0,0.0
interactive,0.0,0.0
batch01,50.0,0.0
batch02,50.0,0.0
batch03,60.0,0.0
batch04,40.0,0.0
interactive,0.0,0.0
batch01,50.0,0.0
batch02,50.0,0.0
batch03,60.0,0.0
batch04,40.0,0.0
interactive,0.0,0.0
batch01,50.0,0.0
batch02,50.0,0.0
batch03,60.0,0.0
batch04,40.0,0.0
interactive,0.0,0.0
batch01,50.0,0.0
batch02,50.0,0.0
batch03,60.0,0.0
batch04,40.0,0.0
interactive,0.0,0.0
batch01,50.0,0.0
batch02,50.0,0.0
batch03,60.0,0.0
batch04,40.0,0.0
interactive,0.0,0.0
batch01,50.0,0.0
batch02,50.0,0.0
batch03,60.0,0.0
batch04,40.0,0.0
interactive,0.0,0.0
batch01,50.0,0.0
batch02,50.0,0.0
batch03,60.0,0.0
batch04,40.0,0.0
interactive,0.0,0.0
batch01,50.0,0.0
batch02,50.0,0.0
batch03,60.0,0.0
batch04,40.0,0.0
interactive,0.0,0.0
batch01,50.0,0.0
batch02,50.0,0.0
batch03,60.0,0.0
batch04,40.0,0.0
interactive,0.0,0.0
batch01,50.0,0.0
batch02,50.0,0.0
batch03,60.0,0.0
batch04,40.0,0.0
interactive,0.0,0.0
batch01,50.0,0.0
batch02,50.0,0.0
batch03,60.0,0.0
batch04,40.0,0.0
interactive,0.0,0.0
batch01,50.0,0.0
batch02,50.0,0.0
batch03,60.0,0.0
batch04,40.0,0.0
interactive,0.0,0.0
batch01,50.0,0.0
batch02,50.0,0.0
batch03,60.0,0.0
batch04,40.0,0.0
interactive,0.0,0.0
batch01,50.0,0.0
batch02,50.0,0.0
batch03,60.0,0.0
batch04,40.0,0.0
interactive,0.0,0.0
batch01,50.0,0.0
batch02,50.0,0.0
batch03,60.0,0.0
batch04,40.0,0.0
interactive,0.0,0.0
batch01,50.0,0.0
batch02,50.0,0.0
batch03,60.0,0.0
batch04,40.0,0.0
interactive,0.0,0.0
batch01,50.0,0.0
batch02,50.0,0.0
batch03,60.0,0.0
batch04,40.0,0.0
interactive,0.0,0.0
batch01,50.0,0.0
batch02,50.0,0.0
batch03,60.0,0.0
batch04,40.0,0.0
interactive,0.0,0.0
batch01,50.0,0.0
batch02,50.0,0.0
batch03,60.0,0.0
batch04,40.0,0.0
interactive,0.0,0.0
batch01,50.0,0.0
batch02,50.0,0.0
batch03,60.0,0.0
batch04,40.0,0.0
interactive,0.0,0.0
batch01,50.0,0.0
batch02,50.0,0.0
batch03,60.0,0.0
batch04,40.0,0.0
interactive,0.0,0.0
batch01,50.0,0.0
batch02,50.0,0.0
batch03,60.0,0.0
batch04,40.0,0.0
interactive,0.0,0.0
batch01,50.0,0.0
batch02,50.0,0.0
batch03,60.0,0.0
batch04,40.0,0.0
interactive,0.0,0.0
batch01,50.0,0.0
batch02,50.0,0.0
batch03,60.0,0.0
batch04,40.0,0.0
interactive,0.0,0.0
batch01,50.0,0.0
batch02,50.0,0.0
batch03,60.0,0.0
batch04,40.0,0.0
interactive,0.0,0.0
batch01,50.0,0.0
batch02,50.0,0.0
batch03,60.0,0.0
batch04,40.0,0.0
interactive,0.0,0.0
batch01,50.0,0.0
batch02,50.0,0.0
batch03,60.0,0.0
batch04,40.0,0.0
interactive,0.0,0.0
batch01,50.0,0.0
batch02,50.0,0.0
batch03,60.0,0.0
batch04,40.0,0.0
interactive,0.0,0.0
batch01,50.0,0.0
batch02,50.0,0.0
batch03,60.0,0.0
batch04,40.0,0.0
interactive,0.0,0.0
batch01,50.0,0.0
batch02,50.0,0.0
batch03,60.0,0.0
batch04,40.0,0.0
interactive,0.0,0.0
batch01,50.0,0.0
batch02,50.0,0.0
batch03,60.0,0.0
batch04,40.0,0.0
interactive,0.0,0.0
batch01,50.0,0.0
batch02,50.0,0.0
batch03,60.0,0.0
batch04,40.0,0.0
interactive,0.0,0.0
batch01,50.0,0.0
batch02,50.0,0.0
batch03,60.0,0.0
batch04,40.0,0.0
interactive,0.0,0.0
batch01,50.0,0.0
batch02,50.0,0.0
batch03,60.0,0.0
batch04,40.0,0.0
interactive,0.0,0.0
batch01,50.0,0.0
batch02,50.0,0.0
batch03,60.0,0.0
batch04,40.0,0.0
interactive,0.0,0.0
batch01,50.0,0.0
batch02,50.0,0.0
batch03,60.0,0.0
batch04,40.0,0.0
interactive,0.0,0.0
batch01,50.0,0.0
batch02,50.0,0.0
batch03,60.0,0.0
batch04,40.0,0.0
interactive,0.0,0.0
batch01,50.0,0.0
batch02,50.0,0.0
batch03,60.0,0.0
batch04,40.0,0.0
interactive,0.0,0.0
batch01,50.0,0.0
batch02,50.0,0.0
batch03,60.0,0.0
batch04,40.0,0.0
interactive,0.0,0.0
batch01,50.0,0.0
batch02,50.0,0.0
batch03,60.0,0.0
batch04,40.0,0.0
interactive,0.0,0.0
batch01,50.0,0.0
batch02,50.0,0.0
batch03,60.0,0.0
batch04,40.0,0.0
interactive,0.0,0.0
batch01,50.0,0.0
batch02,50.0,0.0
batch03,60.0,0.0
batch04,40.0,0.0
interactive,0.0,0.0
batch01,50.0,0.0
batch02,50.0,0.0
batch03,60.0,0.0
batch04,40.0,0.0
interactive,0.0,0.0
batch01,50.0,0.0
batch02,50.0,0.0
batch03,60.0,0.0
batch04,40.0,0.0
interactive,0.0,0.0
batch01,50.0,0.0
batch02,50.0,0.0
batch03,60.0,0.0
batch04,40.0,0.0
interactive,0.0,0.0
batch01,50.0,0.0
batch02,50.0,0.0
batch03,60.0,0.0
batch04,40.0,0.0
interactive,0.0,0.0
batch01,50.0,0.0
batch02,50.0,0.0
batch03,60.0,0.0
batch04,40.0,0.0
interactive,0.0,0.0
batch01,50.0,0.0
batch02,50.0,0.0
batch03,60.0,0.0
batch04,40.0,0.0
interactive,0.0,0.0
batch01,50.0,0.0
batch02,50.0,0.0
batch03,60.0,0.0
batch04,40.0,0.0
interactive,0.0,0.0
batch01,50.0,0.0
batch02,50.0,0.0
batch03,60.0,0.0
batch04,40.0,0.0
interactive,0.0,0.0
batch01,50.0,0.0
batch02,50.0,0.0
batch03,60.0,0.0
batch04,40.0,0.0
interactive,0.0,0.0
batch01,50.0,0.0
batch02,50.0,0.0
batch03,60.0,0.0
batch04,40.0,0.0
interactive,0.0,0.0
batch01,50.0,0.0
batch02,50.0,0.0
batch03,60.0,0.0
batch04,40.0,0.0
interactive,0.0,0.0
batch01,50.0,0.0
batch02,50.0,0.0
batch03,60.0,0.0
batch04,40.0,0.0
interactive,0.0,0.0
batch01,50.0,0.0
batch02,50.0,0.0
batch03,60.0,0.0
batch04,40.0,0.0
interactive,0.0,0.0
batch01,50.0,0.0
batch02,50.0,0.0
batch03,60.0,0.0
batch04,40.0,0.0
interactive,0.0,0.0
batch01,50.0,0.0
batch02,50.0,0.0
batch03,60.0,0.0
batch04,40.0,0.0
interactive,0.0,0.0
batch01,50.0,0.0
batch02,50.0,0.0
batch03,60.0,0.0
batch04,40.0,0.0
interactive,0.0,0.0
batch01,50.0,0.0
batch02,50.0,0.0
batch03,60.0,0.0
batch04,40.0,0.0
interactive,0.0,0.0
batch01,50.0,0.0
batch02,50.0,0.0
batch03,60.0,0.0
batch04,40.0,0.0
interactive,0.0,0.0
batch01,50.0,0.0
batch02,50.0,0.0
batch03,60.0,0.0
batch04,40.0,0.0
interactive,0.0,0.0
batch01,50.0,0.0
batch02,50.0,0.0
batch03,60.0,0.0
batch04,40.0,0.0
interactive,0.0,0.0
batch01,50.0,0.0
batch02,50.0,0.0
batch03,60.0,0.0
batch04,40.0,0.0
interactive,0.0,0.0
batch01,50.0,0.0
batch02,50.0,0.0
batch03,60.0,0.0
batch04,40.0,0.0
interactive,0.0,0.0
batch01,50.0,0.0
batch02,50.0,0.0
batch03,60.0,0.0
batch04,40.0,0.0
interactive,0.0,0.0
batch01,50.0,0.0
batch02,50.0,0.0
batch03,60.0,0.0
batch04,40.0,0.0
interactive,0.0,0.0
batch01,50.0,0.0
batch02,50.0,0.0
batch03,60.0,0.0
batch04,40.0,0.0
interactive,0.0,0.0
batch01,50.0,0.0
batch02,50.0,0.0
batch03,60.0,0.0
batch04,40.0,0.0
interactive,0.0,0.0
batch01,50.0,0.0
batch02,50.0,0.0
batch03,60.0,0.0
batch04,40.0,0.0
interactive,0.0,0.0
batch01,50.0,0.0
batch02,50.0,0.0
batch03,60.0,0.0
batch04,40.0,0.0
interactive,0.0,0.0
batch01,50.0,0.0
batch02,50.0,0.0
batch03,60.0,0.0
batch04,40.0,0.0
interactive,0.0,0.0
batch01,50.0,0.0
batch02,50.0,0.0
batch03,60.0,0.0
batch04,40.0,0.0
interactive,0.0,0.0
batch01,50.0,0.0
batch02,50.0,0.0
batch03,60.0,0.0
batch04,40.0,0.0
interactive,0.0,0.0
batch01,50.0,0.0
batch02,50.0,0.0
batch03,60.0,0.0
batch04,40.0,0.0
interactive,0.0,0.0
batch01,50.0,0.0
batch02,50.0,0.0
batch03,60.0,0.0
batch04,40.0,0.0
interactive,0.0,0.0
batch01,50.0,0.0
batch02,50.0,0.0
batch03,60.0,0.0
batch04,40.0,0.0
interactive,0.0,0.0
batch01,50.0,0.0
batch02,50.0,0.0
batch03,60.0,0.0
batch04,40.0,0.0
interactive,0.0,0.0
batch01,50.0,0.0
batch02,50.0,0.0
batch03,60.0,0.0
batch04,40.0,0.0
interactive,0.0,0.0
batch01,50.0,0.0
batch02,50.0,0.0
batch03,60.0,0.0
batch04,40.0,0.0
interactive,0.0,0.0
batch01,50.0,0.0
batch02,50.0,0.0
batch03,60.0,0.0
batch04,40.0,0.0
interactive,0.0,0.0
batch01,50.0,0.0
batch02,50.0,0.0
batch03,60.0,0.0
batch04,40.0,0.0
interactive,0.0,0.0
batch01,50.0,0.0
batch02,50.0,0.0
batch03,60.0,0.0
batch04,40.0,0.0
interactive,0.0,0.0
batch01,50.0,0.0
batch02,50.0,0.0
batch03,60.0,0.0
batch04,40.0,0.0
interactive,0.0,0.0
batch01,50.0,0.0
batch02,50.0,0.0
batch03,60.0,0.0
batch04,40.0,0.0
interactive,0.0,0.0
batch01,50.0,0.0
batch02,50.0,0.0
batch03,60.0,0.0
batch04,40.0,0.0
interactive,0.0,0.0
batch01,50.0,0.0
batch02,50.0,0.0
batch03,60.0,0.0
batch04,40.0,0.0
interactive,0.0,0.0
batch01,50.0,0.0
batch02,50.0,0.0
batch03,55.0,0.0
batch04,40.0,0.0
interactive,0.0,0.0
batch01,50.0,0.0
batch02,50.0,0.0
batch03,55.0,0.0
batch04,40.0,0.0
interactive,0.0,0.0
batch01,50.0,0.0
batch02,50.0,0.0
batch03,55.0,0.0
batch04,40.0,0.0
interactive,0.0,0.0
batch01,50.0,0.0
batch02,50.0,0.0
batch03,55.0,0.0
batch04,40.0,0.0
interactive,0.0,0.0
batch01,50.0,0.0
batch02,50.0,0.0
batch03,55.0,0.0
batch04,40.0,0.0
interactive,0.0,0.0
batch01,50.0,0.0
batch02,50.0,0.0
batch03,55.0,0.0
batch04,40.0,0.0
interactive,0.0,0.0
batch01,50.0,0.0
batch02,50.0,0.0
batch03,55.0,0.0
batch04,40.0,0.0
interactive,0.0,0.0
batch01,50.0,0.0
batch02,50.0,0.0
batch03,55.0,0.0
batch04,40.0,0.0
interactive,0.0,0.0
batch01,50.0,0.0
batch02,50.0,0.0
batch03,55.0,0.0
batch04,40.0,0.0
interactive,0.0,0.0
batch01,50.0,0.0
batch02,50.0,0.0
batch03,55.0,0.0
batch04,40.0,0.0
interactive,0.0,0.0
batch01,50.0,0.0
batch02,50.0,0.0
batch03,55.0,0.0
batch04,40.0,0.0
interactive,0.0,0.0
batch01,50.0,0.0
batch02,50.0,0.0
batch03,55.0,0.0
batch04,40.0,0.0
interactive,0.0,0.0
batch01,50.0,0.0
batch02,50.0,0.0
batch03,55.0,0.0
batch04,40.0,0.0
interactive,0.0,0.0
batch01,50.0,0.0
batch02,50.0,0.0
batch03,55.0,0.0
batch04,40.0,0.0
interactive,0.0,0.0
batch01,50.0,0.0
batch02,50.0,0.0
batch03,55.0,0.0
batch04,40.0,0.0
interactive,0.0,0.0
batch01,50.0,0.0
batch02,50.0,0.0
batch03,55.0,0.0
batch04,40.0,0.0
interactive,0.0,0.0
batch01,50.0,0.0
batch02,50.0,0.0
batch03,55.0,0.0
batch04,40.0,0.0
interactive,0.0,0.0
batch01,50.0,0.0
batch02,50.0,0.0
batch03,55.0,0.0
batch04,40.0,0.0
interactive,0.0,0.0
batch01,50.0,0.0
batch02,50.0,0.0
batch03,55.0,0.0
batch04,40.0,0.0
interactive,0.0,0.0
batch01,50.0,0.0
batch02,50.0,0.0
batch03,55.0,0.0
batch04,40.0,0.0
interactive,0.0,0.0
batch01,50.0,0.0
batch02,50.0,0.0
batch03,55.0,0.0
batch04,40.0,0.0
interactive,0.0,0.0
batch01,50.0,0.0
batch02,50.0,0.0
batch03,55.0,0.0
batch04,40.0,0.0
interactive,0.0,0.0
batch01,50.0,0.0
batch02,50.0,0.0
batch03,55.0,0.0
batch04,40.0,0.0
interactive,0.0,0.0
batch01,50.0,0.0
batch02,50.0,0.0
batch03,55.0,0.0
batch04,40.0,0.0
interactive,0.0,0.0
batch01,50.0,0.0
batch02,50.0,0.0
batch03,55.0,0.0
batch04,40.0,0.0
interactive,0.0,0.0
batch01,50.0,0.0
batch02,50.0,0.0
batch03,55.0,0.0
batch04,40.0,0.0
interactive,0.0,0.0
batch01,50.0,0.0
batch02,50.0,0.0
batch03,55.0,0.0
batch04,40.0,0.0
interactive,0.0,0.0
batch01,50.0,0.0
batch02,50.0,0.0
batch03,55.0,0.0
batch04,40.0,0.0
interactive,0.0,0.0
batch01,50.0,0.0
batch02,50.0,0.0
batch03,55.0,0.0
batch04,40.0,0.0
interactive,0.0,0.0
batch01,50.0,0.0
batch02,50.0,0.0
batch03,55.0,0.0
batch04,40.0,0.0
interactive,0.0,0.0
batch01,50.0,0.0
batch02,50.0,0.0
batch03,55.0,0.0
batch04,40.0,0.0
interactive,0.0,0.0
batch01,50.0,0.0
batch02,50.0,0.0
batch03,49.0,0.0
batch04,40.0,0.0
interactive,0.0,0.0
batch01,50.0,0.0
batch02,50.0,0.0
batch03,54.0,0.0
batch04,40.0,0.0
interactive,0.0,0.0
batch01,50.0,0.0
batch02,50.0,0.0
batch03,54.0,0.0
batch04,40.0,0.0
interactive,0.0,0.0
batch01,50.0,0.0
batch02,50.0,0.0
batch03,54.0,0.0
batch04,40.0,0.0
interactive,0.0,0.0
batch01,50.0,0.0
batch02,50.0,0.0
batch03,54.0,0.0
batch04,40.0,0.0
interactive,0.0,0.0
batch01,50.0,0.0
batch02,50.0,0.0
batch03,54.0,0.0
batch04,40.0,0.0
interactive,0.0,0.0
batch01,50.0,0.0
batch02,50.0,0.0
batch03,54.0,0.0
batch04,40.0,0.0
interactive,0.0,0.0
batch01,50.0,0.0
batch02,50.0,0.0
batch03,44.0,0.0
batch04,40.0,0.0
interactive,0.0,0.0
batch01,50.0,0.0
batch02,50.0,0.0
batch03,48.0,0.0
batch04,48.0,0.0
interactive,0.0,0.0
batch01,50.0,0.0
batch02,50.0,0.0
batch03,48.0,0.0
batch04,48.0,0.0
interactive,0.0,0.0
batch01,50.0,0.0
batch02,50.0,0.0
batch03,48.0,0.0
batch04,48.0,0.0
interactive,0.0,0.0
batch01,50.0,0.0
batch02,50.0,0.0
batch03,48.0,0.0
batch04,48.0,0.0
interactive,0.0,0.0
batch01,50.0,0.0
batch02,50.0,0.0
batch03,48.0,0.0
batch04,48.0,0.0
interactive,0.0,0.0
batch01,50.0,0.0
batch02,50.0,0.0
batch03,48.0,0.0
batch04,48.0,0.0
interactive,0.0,0.0
batch01,50.0,0.0
batch02,50.0,0.0
batch03,48.0,0.0
batch04,48.0,0.0
interactive,0.0,0.0
batch01,50.0,0.0
batch02,50.0,0.0
batch03,48.0,0.0
batch04,48.0,0.0
interactive,0.0,0.0
batch01,50.0,0.0
batch02,50.0,0.0
batch03,48.0,0.0
batch04,48.0,0.0
interactive,0.0,0.0
batch01,50.0,0.0
batch02,50.0,0.0
batch03,48.0,0.0
batch04,48.0,0.0
interactive,0.0,0.0
batch01,50.0,0.0
batch02,50.0,0.0
batch03,48.0,0.0
batch04,48.0,0.0
interactive,0.0,0.0
batch01,50.0,0.0
batch02,50.0,0.0
batch03,48.0,0.0
batch04,48.0,0.0
interactive,0.0,0.0
batch01,50.0,0.0
batch02,50.0,0.0
batch03,48.0,0.0
batch04,48.0,0.0
interactive,0.0,0.0
batch01,50.0,0.0
batch02,50.0,0.0
batch03,48.0,0.0
batch04,48.0,0.0
interactive,0.0,0.0
batch01,50.0,0.0
batch02,50.0,0.0
batch03,48.0,0.0
batch04,48.0,0.0
interactive,0.0,0.0
batch01,50.0,0.0
batch02,50.0,0.0
batch03,48.0,0.0
batch04,48.0,0.0
interactive,0.0,0.0
batch01,50.0,0.0
batch02,50.0,0.0
batch03,48.0,0.0
batch04,48.0,0.0
interactive,0.0,0.0
batch01,50.0,0.0
batch02,50.0,0.0
batch03,48.0,0.0
batch04,48.0,0.0
interactive,0.0,0.0
batch01,50.0,0.0
batch02,50.0,0.0
batch03,48.0,0.0
batch04,48.0,0.0
interactive,0.0,0.0
batch01,50.0,0.0
batch02,50.0,0.0
batch03,48.0,0.0
batch04,48.0,0.0
interactive,0.0,0.0
batch01,50.0,0.0
batch02,50.0,0.0
batch03,48.0,0.0
batch04,48.0,0.0
interactive,0.0,0.0
batch01,50.0,0.0
batch02,50.0,0.0
batch03,48.0,0.0
batch04,48.0,0.0
interactive,0.0,0.0
batch01,50.0,0.0
batch02,50.0,0.0
batch03,48.0,0.0
batch04,48.0,0.0
interactive,0.0,0.0
batch01,50.0,0.0
batch02,50.0,0.0
batch03,48.0,0.0
batch04,48.0,0.0
interactive,0.0,0.0
batch01,50.0,0.0
batch02,50.0,0.0
batch03,48.0,0.0
batch04,48.0,0.0
interactive,0.0,0.0
batch01,50.0,0.0
batch02,50.0,0.0
batch03,48.0,0.0
batch04,48.0,0.0
interactive,0.0,0.0
batch01,50.0,0.0
batch02,50.0,0.0
batch03,48.0,0.0
batch04,48.0,0.0
interactive,0.0,0.0
batch01,50.0,0.0
batch02,50.0,0.0
batch03,48.0,0.0
batch04,48.0,0.0
interactive,0.0,0.0
batch01,50.0,0.0
batch02,50.0,0.0
batch03,48.0,0.0
batch04,48.0,0.0
interactive,0.0,0.0
batch01,50.0,0.0
batch02,50.0,0.0
batch03,48.0,0.0
batch04,48.0,0.0
interactive,0.0,0.0
batch01,50.0,0.0
batch02,50.0,0.0
batch03,48.0,0.0
batch04,48.0,0.0
interactive,0.0,0.0
batch01,50.0,0.0
batch02,50.0,0.0
batch03,48.0,0.0
batch04,48.0,0.0
interactive,0.0,0.0
batch01,50.0,0.0
batch02,50.0,0.0
batch03,48.0,0.0
batch04,48.0,0.0
interactive,0.0,0.0
batch01,50.0,0.0
batch02,50.0,0.0
batch03,48.0,0.0
batch04,48.0,0.0
interactive,0.0,0.0
batch01,50.0,0.0
batch02,50.0,0.0
batch03,48.0,0.0
batch04,48.0,0.0
interactive,0.0,0.0
batch01,50.0,0.0
batch02,50.0,0.0
batch03,48.0,0.0
batch04,48.0,0.0
interactive,0.0,0.0
batch01,50.0,0.0
batch02,50.0,0.0
batch03,48.0,0.0
batch04,48.0,0.0
interactive,0.0,0.0
batch01,50.0,0.0
batch02,50.0,0.0
batch03,48.0,0.0
batch04,48.0,0.0
interactive,0.0,0.0
batch01,50.0,0.0
batch02,50.0,0.0
batch03,48.0,0.0
batch04,48.0,0.0
interactive,0.0,0.0
batch01,50.0,0.0
batch02,50.0,0.0
batch03,48.0,0.0
batch04,48.0,0.0
interactive,0.0,0.0
batch01,50.0,0.0
batch02,50.0,0.0
batch03,48.0,0.0
batch04,48.0,0.0
interactive,0.0,0.0
batch01,50.0,0.0
batch02,50.0,0.0
batch03,48.0,0.0
batch04,48.0,0.0
interactive,0.0,0.0
batch01,50.0,0.0
batch02,50.0,0.0
batch03,48.0,0.0
batch04,48.0,0.0
interactive,0.0,0.0
batch01,50.0,0.0
batch02,50.0,0.0
batch03,48.0,0.0
batch04,48.0,0.0
interactive,0.0,0.0
batch01,50.0,0.0
batch02,50.0,0.0
batch03,48.0,0.0
batch04,48.0,0.0
interactive,0.0,0.0
batch01,50.0,0.0
batch02,50.0,0.0
batch03,48.0,0.0
batch04,48.0,0.0
interactive,0.0,0.0
batch01,50.0,0.0
batch02,50.0,0.0
batch03,48.0,0.0
batch04,48.0,0.0
interactive,0.0,0.0
batch01,50.0,0.0
batch02,50.0,0.0
batch03,48.0,0.0
batch04,48.0,0.0
interactive,0.0,0.0
batch01,50.0,0.0
batch02,50.0,0.0
batch03,48.0,0.0
batch04,48.0,0.0
interactive,0.0,0.0
batch01,50.0,0.0
batch02,50.0,0.0
batch03,48.0,0.0
batch04,48.0,0.0
interactive,0.0,0.0
batch01,50.0,0.0
batch02,50.0,0.0
batch03,48.0,0.0
batch04,48.0,0.0
interactive,0.0,0.0
batch01,50.0,0.0
batch02,50.0,0.0
batch03,48.0,0.0
batch04,48.0,0.0
interactive,0.0,0.0
batch01,50.0,0.0
batch02,50.0,0.0
batch03,48.0,0.0
batch04,48.0,0.0
interactive,0.0,0.0
batch01,50.0,0.0
batch02,50.0,0.0
batch03,48.0,0.0
batch04,48.0,0.0
interactive,0.0,0.0
batch01,50.0,0.0
batch02,50.0,0.0
batch03,48.0,0.0
batch04,48.0,0.0
interactive,0.0,0.0
batch01,50.0,0.0
batch02,50.0,0.0
batch03,48.0,0.0
batch04,48.0,0.0
interactive,0.0,0.0
batch01,50.0,0.0
batch02,50.0,0.0
batch03,48.0,0.0
batch04,48.0,0.0
interactive,0.0,0.0
batch01,50.0,0.0
batch02,50.0,0.0
batch03,48.0,0.0
batch04,48.0,0.0
interactive,0.0,0.0
batch01,50.0,0.0
batch02,50.0,0.0
batch03,48.0,0.0
batch04,48.0,0.0
interactive,0.0,0.0
batch01,50.0,0.0
batch02,50.0,0.0
batch03,48.0,0.0
batch04,48.0,0.0
interactive,0.0,0.0
batch01,50.0,0.0
batch02,50.0,0.0
batch03,48.0,0.0
batch04,48.0,0.0
interactive,0.0,0.0
batch01,50.0,0.0
batch02,50.0,0.0
batch03,48.0,0.0
batch04,48.0,0.0
interactive,0.0,0.0
batch01,50.0,0.0
batch02,50.0,0.0
batch03,48.0,0.0
batch04,48.0,0.0
interactive,0.0,0.0
batch01,50.0,0.0
batch02,50.0,0.0
batch03,41.0,0.0
batch04,48.0,0.0
interactive,0.0,0.0
batch01,50.0,0.0
batch02,50.0,0.0
batch03,50.0,0.0
batch04,48.0,0.0
interactive,0.0,0.0
batch01,50.0,0.0
batch02,50.0,0.0
batch03,50.0,0.0
batch04,48.0,0.0
interactive,0.0,0.0
batch01,50.0,0.0
batch02,50.0,0.0
batch03,50.0,0.0
batch04,48.0,0.0
interactive,0.0,0.0
batch01,50.0,0.0
batch02,50.0,0.0
batch03,50.0,0.0
batch04,48.0,0.0
interactive,0.0,0.0
batch01,50.0,0.0
batch02,50.0,0.0
batch03,50.0,0.0
batch04,48.0,0.0
interactive,0.0,0.0
batch01,50.0,0.0
batch02,50.0,0.0
batch03,50.0,0.0
batch04,48.0,0.0
interactive,0.0,0.0
batch01,50.0,0.0
batch02,50.0,0.0
batch03,50.0,0.0
batch04,48.0,0.0
interactive,0.0,0.0
batch01,50.0,0.0
batch02,50.0,0.0
batch03,50.0,0.0
batch04,48.0,0.0
interactive,0.0,0.0
batch01,50.0,0.0
batch02,50.0,0.0
batch03,50.0,0.0
batch04,48.0,0.0
interactive,0.0,0.0
batch01,50.0,0.0
batch02,50.0,0.0
batch03,50.0,0.0
batch04,48.0,0.0
interactive,0.0,0.0
batch01,50.0,0.0
batch02,50.0,0.0
batch03,50.0,0.0
batch04,48.0,0.0
interactive,0.0,0.0
batch01,50.0,0.0
batch02,50.0,0.0
batch03,50.0,0.0
batch04,48.0,0.0
interactive,0.0,0.0
batch01,50.0,0.0
batch02,50.0,0.0
batch03,50.0,0.0
batch04,48.0,0.0
interactive,0.0,0.0
batch01,50.0,0.0
batch02,50.0,0.0
batch03,50.0,0.0
batch04,48.0,0.0
interactive,0.0,0.0
batch01,50.0,0.0
batch02,50.0,0.0
batch03,50.0,0.0
batch04,48.0,0.0
interactive,0.0,0.0
batch01,50.0,0.0
batch02,50.0,0.0
batch03,50.0,0.0
batch04,48.0,0.0
interactive,0.0,0.0
batch01,50.0,0.0
batch02,50.0,0.0
batch03,50.0,0.0
batch04,48.0,0.0
interactive,0.0,0.0
batch01,50.0,0.0
batch02,50.0,0.0
batch03,50.0,0.0
batch04,48.0,0.0
interactive,0.0,0.0
batch01,50.0,0.0
batch02,50.0,0.0
batch03,50.0,0.0
batch04,48.0,0.0
interactive,0.0,0.0
batch01,50.0,0.0
batch02,50.0,0.0
batch03,50.0,0.0
batch04,48.0,0.0
interactive,0.0,0.0
batch01,50.0,0.0
batch02,50.0,0.0
batch03,50.0,0.0
batch04,48.0,0.0
interactive,0.0,0.0
batch01,50.0,0.0
batch02,50.0,0.0
batch03,50.0,0.0
batch04,45.0,0.0
interactive,0.0,0.0
batch01,50.0,0.0
batch02,50.0,0.0
batch03,50.0,0.0
batch04,49.0,0.0
interactive,0.0,0.0
batch01,50.0,0.0
batch02,50.0,0.0
batch03,50.0,0.0
batch04,49.0,0.0
interactive,0.0,0.0
batch01,50.0,0.0
batch02,50.0,0.0
batch03,50.0,0.0
batch04,49.0,0.0
interactive,0.0,0.0
batch01,50.0,0.0
batch02,50.0,0.0
batch03,50.0,0.0
batch04,49.0,0.0
interactive,0.0,0.0
batch01,50.0,0.0
batch02,50.0,0.0
batch03,50.0,0.0
batch04,49.0,0.0
interactive,0.0,0.0
batch01,50.0,0.0
batch02,50.0,0.0
batch03,50.0,0.0
batch04,49.0,0.0
interactive,0.0,0.0
batch01,50.0,0.0
batch02,50.0,0.0
batch03,50.0,0.0
batch04,49.0,0.0
interactive,0.0,0.0
batch01,50.0,0.0
batch02,50.0,0.0
batch03,50.0,0.0
batch04,49.0,0.0
interactive,0.0,0.0
batch01,50.0,0.0
batch02,50.0,0.0
batch03,50.0,0.0
batch04,49.0,0.0
interactive,0.0,0.0
batch01,50.0,0.0
batch02,50.0,0.0
batch03,48.0,0.0
batch04,49.0,0.0
interactive,0.0,0.0
batch01,50.0,0.0
batch02,50.0,0.0
batch03,48.0,0.0
batch04,49.0,0.0
interactive,0.0,0.0
batch01,50.0,0.0
batch02,50.0,0.0
batch03,48.0,0.0
batch04,49.0,0.0
interactive,0.0,0.0
batch01,50.0,0.0
batch02,50.0,0.0
batch03,48.0,0.0
batch04,49.0,0.0
interactive,0.0,0.0
batch01,50.0,0.0
batch02,50.0,0.0
batch03,48.0,0.0
batch04,49.0,0.0
interactive,0.0,0.0
batch01,50.0,0.0
batch02,50.0,0.0
batch03,48.0,0.0
batch04,49.0,0.0
interactive,0.0,0.0
batch01,50.0,0.0
batch02,50.0,0.0
batch03,48.0,0.0
batch04,49.0,0.0
interactive,0.0,0.0
batch01,48.0,0.0
batch02,48.0,0.0
batch03,48.0,0.0
batch04,49.0,0.0
interactive,0.0,0.0
batch01,45.0,0.0
batch02,45.0,0.0
batch03,48.0,0.0
batch04,49.0,0.0
interactive,0.0,0.0
batch01,45.0,0.0
batch02,45.0,0.0
batch03,48.0,0.0
batch04,49.0,0.0
interactive,0.0,0.0
batch01,45.0,0.0
batch02,45.0,0.0
batch03,48.0,0.0
batch04,49.0,0.0
interactive,0.0,0.0
batch01,45.0,0.0
batch02,45.0,0.0
batch03,48.0,0.0
batch04,49.0,0.0
interactive,0.0,0.0
batch01,45.0,0.0
batch02,45.0,0.0
batch03,48.0,0.0
batch04,49.0,0.0
interactive,0.0,0.0
batch01,45.0,0.0
batch02,45.0,0.0
batch03,48.0,0.0
batch04,49.0,0.0
interactive,0.0,0.0
batch01,45.0,0.0
batch02,45.0,0.0
batch03,48.0,0.0
batch04,49.0,0.0
interactive,0.0,0.0
batch01,45.0,0.0
batch02,45.0,0.0
batch03,48.0,0.0
batch04,49.0,0.0
interactive,0.0,0.0
batch01,45.0,0.0
batch02,45.0,0.0
batch03,48.0,0.0
batch04,49.0,0.0
interactive,0.0,0.0
batch01,45.0,0.0
batch02,45.0,0.0
batch03,46.0,0.0
batch04,49.0,0.0
interactive,0.0,0.0
batch01,45.0,0.0
batch02,45.0,0.0
batch03,48.0,0.0
batch04,49.0,0.0
interactive,0.0,0.0
batch01,45.0,0.0
batch02,45.0,0.0
batch03,42.0,0.0
batch04,43.0,0.0
interactive,0.0,0.0
batch01,45.0,0.0
batch02,45.0,0.0
batch03,49.0,0.0
batch04,48.0,0.0
interactive,0.0,0.0
batch01,45.0,0.0
batch02,45.0,0.0
batch03,19.0,0.0
batch04,48.0,0.0
interactive,0.0,0.0
batch01,63.0,0.0
batch02,63.0,0.0
batch03,0.0,0.0
batch04,66.0,0.0
interactive,0.0,0.0
batch01,63.0,0.0
batch02,63.0,0.0
batch03,0.0,0.0
batch04,66.0,0.0
interactive,0.0,0.0
batch01,63.0,0.0
batch02,63.0,0.0
batch03,0.0,0.0
batch04,66.0,0.0
interactive,0.0,0.0
batch01,63.0,0.0
batch02,63.0,0.0
batch03,0.0,0.0
batch04,66.0,0.0
interactive,0.0,0.0
batch01,63.0,0.0
batch02,63.0,0.0
batch03,0.0,0.0
batch04,66.0,0.0
interactive,0.0,0.0
batch01,63.0,0.0
batch02,63.0,0.0
batch03,0.0,0.0
batch04,66.0,0.0
interactive,0.0,0.0
batch01,63.0,0.0
batch02,63.0,0.0
batch03,0.0,0.0
batch04,66.0,0.0
interactive,0.0,0.0
batch01,63.0,0.0
batch02,63.0,0.0
batch03,0.0,0.0
batch04,66.0,0.0
interactive,0.0,0.0
batch01,63.0,0.0
batch02,63.0,0.0
batch03,0.0,0.0
batch04,66.0,0.0
interactive,0.0,0.0
batch01,63.0,0.0
batch02,63.0,0.0
batch03,0.0,0.0
batch04,59.0,0.0
interactive,0.0,0.0
batch01,63.0,0.0
batch02,63.0,0.0
batch03,0.0,0.0
batch04,65.0,0.0
interactive,0.0,0.0
batch01,63.0,0.0
batch02,63.0,0.0
batch03,0.0,0.0
batch04,65.0,0.0
interactive,0.0,0.0
batch01,63.0,0.0
batch02,63.0,0.0
batch03,0.0,0.0
batch04,65.0,0.0
interactive,0.0,0.0
batch01,63.0,0.0
batch02,63.0,0.0
batch03,0.0,0.0
batch04,65.0,0.0
interactive,0.0,0.0
batch01,63.0,0.0
batch02,63.0,0.0
batch03,0.0,0.0
batch04,57.0,0.0
interactive,0.0,0.0
batch01,63.0,0.0
batch02,63.0,0.0
batch03,0.0,0.0
batch04,64.0,0.0
interactive,0.0,0.0
batch01,63.0,0.0
batch02,63.0,0.0
batch03,0.0,0.0
batch04,64.0,0.0
interactive,0.0,0.0
batch01,63.0,0.0
batch02,63.0,0.0
batch03,0.0,0.0
batch04,64.0,0.0
interactive,0.0,0.0
batch01,58.0,0.0
batch02,58.0,0.0
batch03,0.0,0.0
batch04,64.0,0.0
interactive,0.0,0.0
batch01,64.0,0.0
batch02,64.0,0.0
batch03,0.0,0.0
batch04,64.0,0.0
interactive,0.0,0.0
batch01,64.0,0.0
batch02,64.0,0.0
batch03,0.0,0.0
batch04,64.0,0.0
interactive,0.0,0.0
batch01,64.0,0.0
batch02,64.0,0.0
batch03,0.0,0.0
batch04,64.0,0.0
interactive,0.0,0.0
batch01,64.0,0.0
batch02,64.0,0.0
batch03,0.0,0.0
batch04,64.0,0.0
interactive,0.0,0.0
batch01,64.0,0.0
batch02,64.0,0.0
batch03,0.0,0.0
batch04,52.0,0.0
interactive,0.0,0.0
batch01,64.0,0.0
batch02,64.0,0.0
batch03,0.0,0.0
batch04,60.0,0.0
interactive,0.0,0.0
batch01,64.0,0.0
batch02,64.0,0.0
batch03,0.0,0.0
batch04,57.0,0.0
interactive,0.0,0.0
batch01,64.0,0.0
batch02,64.0,0.0
batch03,0.0,0.0
batch04,11.0,0.0
interactive,0.0,0.0
batch01,96.0,0.0
batch02,96.0,0.0
batch03,0.0,0.0
batch04,0.0,0.0
interactive,0.0,0.0
batch01,96.0,0.0
batch02,96.0,0.0
batch03,0.0,0.0
batch04,0.0,0.0
interactive,0.0,0.0
batch01,96.0,0.0
batch02,96.0,0.0
batch03,0.0,0.0
batch04,0.0,0.0
interactive,0.0,0.0
batch01,96.0,0.0
batch02,96.0,0.0
batch03,0.0,0.0
batch04,0.0,0.0
interactive,0.0,0.0
batch01,92.0,0.0
batch02,92.0,0.0
batch03,0.0,0.0
batch04,0.0,0.0
interactive,0.0,0.0
batch01,98.0,0.0
batch02,98.0,0.0
batch03,0.0,0.0
batch04,0.0,0.0
interactive,0.0,0.0
batch01,98.0,0.0
batch02,98.0,0.0
batch03,0.0,0.0
batch04,0.0,0.0
interactive,0.0,0.0
batch01,98.0,0.0
batch02,98.0,0.0
batch03,0.0,0.0
batch04,0.0,0.0
interactive,0.0,0.0
batch01,98.0,0.0
batch02,98.0,0.0
batch03,0.0,0.0
batch04,0.0,0.0
interactive,0.0,0.0
batch01,88.0,0.0
batch02,88.0,0.0
batch03,0.0,0.0
batch04,0.0,0.0
interactive,0.0,0.0
batch01,96.0,0.0
batch02,96.0,0.0
batch03,0.0,0.0
batch04,0.0,0.0
interactive,0.0,0.0
batch01,96.0,0.0
batch02,96.0,0.0
batch03,0.0,0.0
batch04,0.0,0.0
interactive,0.0,0.0
batch01,96.0,0.0
batch02,96.0,0.0
batch03,0.0,0.0
batch04,0.0,0.0
interactive,0.0,0.0
batch01,82.0,0.0
batch02,82.0,0.0
batch03,0.0,0.0
batch04,0.0,0.0
interactive,0.0,0.0
batch01,100.0,0.0
batch02,100.0,0.0
batch03,0.0,0.0
batch04,0.0,0.0
interactive,0.0,0.0
batch01,86.0,0.0
batch02,86.0,0.0
batch03,0.0,0.0
batch04,0.0,0.0
interactive,0.0,0.0
batch01,100.0,0.0
batch02,100.0,0.0
batch03,0.0,0.0
batch04,0.0,0.0
interactive,0.0,0.0
batch01,76.0,0.0
batch02,76.0,0.0
batch03,0.0,0.0
batch04,0.0,0.0
interactive,0.0,0.0
batch01,70.0,0.0
batch02,70.0,0.0
batch03,0.0,0.0
batch04,0.0,0.0
interactive,0.0,0.0
batch01,22.0,0.0
batch02,22.0,0.0
batch03,0.0,0.0
batch04,0.0,0.0
