interactive0,170.0,85.0
batch0,28.0,42.0
batch1,0.0,0.0
batch2,0.0,0.0
interactive0,170.0,85.0
batch0,28.0,42.0
batch1,0.0,0.0
batch2,0.0,0.0
interactive0,170.0,85.0
batch0,28.0,42.0
batch1,0.0,0.0
batch2,0.0,0.0
interactive0,170.0,85.0
batch0,28.0,42.0
batch1,0.0,0.0
batch2,0.0,0.0
interactive0,170.0,85.0
batch0,28.0,42.0
batch1,0.0,0.0
batch2,0.0,0.0
interactive0,148.0,74.0
batch0,24.0,36.0
batch1,24.0,36.0
batch2,0.0,0.0
interactive0,148.0,74.0
batch0,24.0,36.0
batch1,24.0,36.0
batch2,0.0,0.0
interactive0,148.0,74.0
batch0,24.0,36.0
batch1,24.0,36.0
batch2,0.0,0.0
interactive0,148.0,74.0
batch0,24.0,36.0
batch1,24.0,36.0
batch2,0.0,0.0
interactive0,148.0,74.0
batch0,24.0,36.0
batch1,24.0,36.0
batch2,0.0,0.0
interactive0,131.0,65.5
batch0,21.0,31.5
batch1,21.0,31.5
batch2,21.0,31.5
interactive0,131.0,65.5
batch0,21.0,31.5
batch1,21.0,31.5
batch2,21.0,31.5
interactive0,131.0,65.5
batch0,21.0,31.5
batch1,21.0,31.5
batch2,21.0,31.5
interactive0,131.0,65.5
batch0,21.0,31.5
batch1,21.0,31.5
batch2,21.0,31.5
interactive0,131.0,65.5
batch0,21.0,31.5
batch1,21.0,31.5
batch2,21.0,31.5
interactive0,131.0,65.5
batch0,21.0,31.5
batch1,21.0,31.5
batch2,21.0,31.5
interactive0,131.0,65.5
batch0,21.0,31.5
batch1,21.0,31.5
batch2,21.0,31.5
interactive0,131.0,65.5
batch0,21.0,31.5
batch1,21.0,31.5
batch2,21.0,31.5
interactive0,67.0,33.5
batch0,21.0,31.5
batch1,21.0,31.5
batch2,21.0,31.5
interactive0,0.0,0.0
batch0,44.0,66.0
batch1,44.0,66.0
batch2,44.0,66.0
interactive0,0.0,0.0
batch0,44.0,66.0
batch1,44.0,66.0
batch2,44.0,66.0
interactive0,0.0,0.0
batch0,44.0,66.0
batch1,44.0,66.0
batch2,44.0,66.0
interactive0,0.0,0.0
batch0,44.0,66.0
batch1,44.0,66.0
batch2,44.0,66.0
interactive0,0.0,0.0
batch0,44.0,66.0
batch1,44.0,66.0
batch2,44.0,66.0
interactive0,0.0,0.0
batch0,44.0,66.0
batch1,44.0,66.0
batch2,44.0,66.0
interactive0,0.0,0.0
batch0,44.0,66.0
batch1,44.0,66.0
batch2,44.0,66.0
interactive0,0.0,0.0
batch0,44.0,66.0
batch1,44.0,66.0
batch2,44.0,66.0
interactive0,0.0,0.0
batch0,44.0,66.0
batch1,44.0,66.0
batch2,44.0,66.0
interactive0,0.0,0.0
batch0,44.0,66.0
batch1,44.0,66.0
batch2,44.0,66.0
interactive0,0.0,0.0
batch0,44.0,66.0
batch1,44.0,66.0
batch2,44.0,66.0
interactive0,0.0,0.0
batch0,44.0,66.0
batch1,44.0,66.0
batch2,44.0,66.0
interactive0,0.0,0.0
batch0,44.0,66.0
batch1,44.0,66.0
batch2,44.0,66.0
interactive0,0.0,0.0
batch0,44.0,66.0
batch1,44.0,66.0
batch2,44.0,66.0
interactive0,0.0,0.0
batch0,44.0,66.0
batch1,44.0,66.0
batch2,44.0,66.0
interactive0,0.0,0.0
batch0,44.0,66.0
batch1,44.0,66.0
batch2,44.0,66.0
interactive0,0.0,0.0
batch0,44.0,66.0
batch1,44.0,66.0
batch2,44.0,66.0
interactive0,0.0,0.0
batch0,44.0,66.0
batch1,44.0,66.0
batch2,44.0,66.0
interactive0,0.0,0.0
batch0,44.0,66.0
batch1,44.0,66.0
batch2,44.0,66.0
interactive0,0.0,0.0
batch0,44.0,66.0
batch1,44.0,66.0
batch2,44.0,66.0
interactive0,0.0,0.0
batch0,44.0,66.0
batch1,44.0,66.0
batch2,44.0,66.0
interactive0,0.0,0.0
batch0,44.0,66.0
batch1,44.0,66.0
batch2,44.0,66.0
interactive0,0.0,0.0
batch0,44.0,66.0
batch1,44.0,66.0
batch2,44.0,66.0
interactive0,0.0,0.0
batch0,44.0,66.0
batch1,44.0,66.0
batch2,44.0,66.0
interactive0,0.0,0.0
batch0,44.0,66.0
batch1,44.0,66.0
batch2,44.0,66.0
interactive0,0.0,0.0
batch0,44.0,66.0
batch1,44.0,66.0
batch2,44.0,66.0
interactive0,0.0,0.0
batch0,44.0,66.0
batch1,44.0,66.0
batch2,44.0,66.0
interactive0,0.0,0.0
batch0,44.0,66.0
batch1,44.0,66.0
batch2,44.0,66.0
interactive0,0.0,0.0
batch0,44.0,66.0
batch1,44.0,66.0
batch2,44.0,66.0
interactive0,0.0,0.0
batch0,44.0,66.0
batch1,44.0,66.0
batch2,44.0,66.0
interactive0,0.0,0.0
batch0,44.0,66.0
batch1,44.0,66.0
batch2,44.0,66.0
interactive0,131.0,65.5
batch0,21.0,31.5
batch1,21.0,31.5
batch2,21.0,31.5
interactive0,131.0,65.5
batch0,21.0,31.5
batch1,21.0,31.5
batch2,21.0,31.5
interactive0,131.0,65.5
batch0,21.0,31.5
batch1,21.0,31.5
batch2,21.0,31.5
interactive0,131.0,65.5
batch0,21.0,31.5
batch1,21.0,31.5
batch2,21.0,31.5
interactive0,131.0,65.5
batch0,21.0,31.5
batch1,21.0,31.5
batch2,21.0,31.5
interactive0,131.0,65.5
batch0,21.0,31.5
batch1,21.0,31.5
batch2,21.0,31.5
interactive0,131.0,65.5
batch0,21.0,31.5
batch1,21.0,31.5
batch2,21.0,31.5
interactive0,131.0,65.5
batch0,21.0,31.5
batch1,21.0,31.5
batch2,21.0,31.5
interactive0,131.0,65.5
batch0,21.0,31.5
batch1,21.0,31.5
batch2,21.0,31.5
interactive0,131.0,65.5
batch0,21.0,31.5
batch1,21.0,31.5
batch2,21.0,31.5
interactive0,131.0,65.5
batch0,21.0,31.5
batch1,21.0,31.5
batch2,21.0,31.5
interactive0,131.0,65.5
batch0,21.0,31.5
batch1,21.0,31.5
batch2,21.0,31.5
interactive0,131.0,65.5
batch0,21.0,31.5
batch1,21.0,31.5
batch2,21.0,31.5
interactive0,131.0,65.5
batch0,21.0,31.5
batch1,21.0,31.5
batch2,21.0,31.5
interactive0,131.0,65.5
batch0,21.0,31.5
batch1,21.0,31.5
batch2,21.0,31.5
interactive0,131.0,65.5
batch0,21.0,31.5
batch1,21.0,31.5
batch2,21.0,31.5
interactive0,131.0,65.5
batch0,21.0,31.5
batch1,21.0,31.5
batch2,21.0,31.5
interactive0,131.0,65.5
batch0,21.0,31.5
batch1,21.0,31.5
batch2,21.0,31.5
interactive0,131.0,65.5
batch0,21.0,31.5
batch1,21.0,31.5
batch2,21.0,31.5
interactive0,131.0,65.5
batch0,21.0,31.5
batch1,21.0,31.5
batch2,21.0,31.5
interactive0,85.0,42.5
batch0,21.0,31.5
batch1,21.0,31.5
batch2,21.0,31.5
interactive0,0.0,0.0
batch0,44.0,66.0
batch1,44.0,66.0
batch2,44.0,66.0
interactive0,0.0,0.0
batch0,44.0,66.0
batch1,44.0,66.0
batch2,44.0,66.0
interactive0,0.0,0.0
batch0,44.0,66.0
batch1,44.0,66.0
batch2,44.0,66.0
interactive0,0.0,0.0
batch0,44.0,66.0
batch1,44.0,66.0
batch2,44.0,66.0
interactive0,0.0,0.0
batch0,44.0,66.0
batch1,44.0,66.0
batch2,44.0,66.0
interactive0,0.0,0.0
batch0,44.0,66.0
batch1,44.0,66.0
batch2,44.0,66.0
interactive0,0.0,0.0
batch0,44.0,66.0
batch1,44.0,66.0
batch2,44.0,66.0
interactive0,0.0,0.0
batch0,44.0,66.0
batch1,44.0,66.0
batch2,44.0,66.0
interactive0,0.0,0.0
batch0,44.0,66.0
batch1,44.0,66.0
batch2,44.0,66.0
interactive0,0.0,0.0
batch0,44.0,66.0
batch1,44.0,66.0
batch2,44.0,66.0
interactive0,0.0,0.0
batch0,44.0,66.0
batch1,44.0,66.0
batch2,44.0,66.0
interactive0,0.0,0.0
batch0,44.0,66.0
batch1,44.0,66.0
batch2,44.0,66.0
interactive0,0.0,0.0
batch0,43.0,64.5
batch1,44.0,66.0
batch2,44.0,66.0
interactive0,0.0,0.0
batch0,43.0,64.5
batch1,44.0,66.0
batch2,44.0,66.0
interactive0,0.0,0.0
batch0,43.0,64.5
batch1,44.0,66.0
batch2,44.0,66.0
interactive0,0.0,0.0
batch0,43.0,64.5
batch1,44.0,66.0
batch2,44.0,66.0
interactive0,0.0,0.0
batch0,43.0,64.5
batch1,44.0,66.0
batch2,44.0,66.0
interactive0,0.0,0.0
batch0,43.0,64.5
batch1,44.0,66.0
batch2,44.0,66.0
interactive0,0.0,0.0
batch0,43.0,64.5
batch1,44.0,66.0
batch2,44.0,66.0
interactive0,0.0,0.0
batch0,43.0,64.5
batch1,44.0,66.0
batch2,44.0,66.0
interactive0,0.0,0.0
batch0,43.0,64.5
batch1,44.0,66.0
batch2,44.0,66.0
interactive0,0.0,0.0
batch0,43.0,64.5
batch1,44.0,66.0
batch2,44.0,66.0
interactive0,0.0,0.0
batch0,43.0,64.5
batch1,44.0,66.0
batch2,44.0,66.0
interactive0,0.0,0.0
batch0,43.0,64.5
batch1,44.0,66.0
batch2,44.0,66.0
interactive0,0.0,0.0
batch0,43.0,64.5
batch1,44.0,66.0
batch2,44.0,66.0
interactive0,0.0,0.0
batch0,43.0,64.5
batch1,44.0,66.0
batch2,44.0,66.0
interactive0,0.0,0.0
batch0,43.0,64.5
batch1,44.0,66.0
batch2,44.0,66.0
interactive0,0.0,0.0
batch0,43.0,64.5
batch1,44.0,66.0
batch2,44.0,66.0
interactive0,0.0,0.0
batch0,43.0,64.5
batch1,44.0,66.0
batch2,44.0,66.0
interactive0,131.0,65.5
batch0,20.0,30.0
batch1,21.0,31.5
batch2,21.0,31.5
interactive0,131.0,65.5
batch0,20.0,30.0
batch1,21.0,31.5
batch2,21.0,31.5
interactive0,131.0,65.5
batch0,20.0,30.0
batch1,21.0,31.5
batch2,21.0,31.5
interactive0,131.0,65.5
batch0,20.0,30.0
batch1,21.0,31.5
batch2,21.0,31.5
interactive0,131.0,65.5
batch0,20.0,30.0
batch1,21.0,31.5
batch2,21.0,31.5
interactive0,131.0,65.5
batch0,20.0,30.0
batch1,21.0,31.5
batch2,21.0,31.5
interactive0,131.0,65.5
batch0,20.0,30.0
batch1,21.0,31.5
batch2,21.0,31.5
interactive0,131.0,65.5
batch0,20.0,30.0
batch1,21.0,31.5
batch2,21.0,31.5
interactive0,131.0,65.5
batch0,20.0,30.0
batch1,21.0,31.5
batch2,21.0,31.5
interactive0,131.0,65.5
batch0,20.0,30.0
batch1,21.0,31.5
batch2,21.0,31.5
interactive0,131.0,65.5
batch0,20.0,30.0
batch1,21.0,31.5
batch2,21.0,31.5
interactive0,131.0,65.5
batch0,20.0,30.0
batch1,21.0,31.5
batch2,21.0,31.5
interactive0,131.0,65.5
batch0,20.0,30.0
batch1,21.0,31.5
batch2,21.0,31.5
interactive0,131.0,65.5
batch0,20.0,30.0
batch1,21.0,31.5
batch2,21.0,31.5
interactive0,131.0,65.5
batch0,20.0,30.0
batch1,21.0,31.5
batch2,21.0,31.5
interactive0,131.0,65.5
batch0,20.0,30.0
batch1,21.0,31.5
batch2,21.0,31.5
interactive0,131.0,65.5
batch0,20.0,30.0
batch1,21.0,31.5
batch2,21.0,31.5
interactive0,131.0,65.5
batch0,20.0,30.0
batch1,21.0,31.5
batch2,21.0,31.5
interactive0,131.0,65.5
batch0,20.0,30.0
batch1,21.0,31.5
batch2,21.0,31.5
interactive0,131.0,65.5
batch0,20.0,30.0
batch1,21.0,31.5
batch2,21.0,31.5
interactive0,85.0,42.5
batch0,21.0,31.5
batch1,21.0,31.5
batch2,21.0,31.5
interactive0,0.0,0.0
batch0,44.0,66.0
batch1,44.0,66.0
batch2,44.0,66.0
interactive0,0.0,0.0
batch0,44.0,66.0
batch1,44.0,66.0
batch2,44.0,66.0
interactive0,0.0,0.0
batch0,44.0,66.0
batch1,44.0,66.0
batch2,44.0,66.0
interactive0,0.0,0.0
batch0,44.0,66.0
batch1,44.0,66.0
batch2,44.0,66.0
interactive0,0.0,0.0
batch0,44.0,66.0
batch1,44.0,66.0
batch2,44.0,66.0
interactive0,0.0,0.0
batch0,44.0,66.0
batch1,44.0,66.0
batch2,44.0,66.0
interactive0,0.0,0.0
batch0,44.0,66.0
batch1,44.0,66.0
batch2,44.0,66.0
interactive0,0.0,0.0
batch0,44.0,66.0
batch1,44.0,66.0
batch2,44.0,66.0
interactive0,0.0,0.0
batch0,44.0,66.0
batch1,44.0,66.0
batch2,44.0,66.0
interactive0,0.0,0.0
batch0,44.0,66.0
batch1,44.0,66.0
batch2,44.0,66.0
interactive0,0.0,0.0
batch0,44.0,66.0
batch1,44.0,66.0
batch2,44.0,66.0
interactive0,0.0,0.0
batch0,44.0,66.0
batch1,44.0,66.0
batch2,44.0,66.0
interactive0,0.0,0.0
batch0,44.0,66.0
batch1,44.0,66.0
batch2,44.0,66.0
interactive0,0.0,0.0
batch0,44.0,66.0
batch1,44.0,66.0
batch2,44.0,66.0
interactive0,0.0,0.0
batch0,44.0,66.0
batch1,44.0,66.0
batch2,44.0,66.0
interactive0,0.0,0.0
batch0,44.0,66.0
batch1,44.0,66.0
batch2,44.0,66.0
interactive0,0.0,0.0
batch0,44.0,66.0
batch1,44.0,66.0
batch2,44.0,66.0
interactive0,0.0,0.0
batch0,44.0,66.0
batch1,44.0,66.0
batch2,44.0,66.0
interactive0,0.0,0.0
batch0,44.0,66.0
batch1,44.0,66.0
batch2,44.0,66.0
interactive0,0.0,0.0
batch0,44.0,66.0
batch1,44.0,66.0
batch2,44.0,66.0
interactive0,0.0,0.0
batch0,44.0,66.0
batch1,44.0,66.0
batch2,44.0,66.0
interactive0,0.0,0.0
batch0,44.0,66.0
batch1,44.0,66.0
batch2,44.0,66.0
interactive0,0.0,0.0
batch0,44.0,66.0
batch1,44.0,66.0
batch2,44.0,66.0
interactive0,0.0,0.0
batch0,44.0,66.0
batch1,44.0,66.0
batch2,44.0,66.0
interactive0,0.0,0.0
batch0,44.0,66.0
batch1,44.0,66.0
batch2,44.0,66.0
interactive0,0.0,0.0
batch0,44.0,66.0
batch1,44.0,66.0
batch2,44.0,66.0
interactive0,0.0,0.0
batch0,44.0,66.0
batch1,44.0,66.0
batch2,44.0,66.0
interactive0,0.0,0.0
batch0,44.0,66.0
batch1,44.0,66.0
batch2,44.0,66.0
interactive0,0.0,0.0
batch0,44.0,66.0
batch1,44.0,66.0
batch2,44.0,66.0
interactive0,131.0,65.5
batch0,21.0,31.5
batch1,21.0,31.5
batch2,21.0,31.5
interactive0,131.0,65.5
batch0,21.0,31.5
batch1,21.0,31.5
batch2,21.0,31.5
interactive0,131.0,65.5
batch0,21.0,31.5
batch1,21.0,31.5
batch2,21.0,31.5
interactive0,131.0,65.5
batch0,21.0,31.5
batch1,21.0,31.5
batch2,21.0,31.5
interactive0,131.0,65.5
batch0,21.0,31.5
batch1,21.0,31.5
batch2,21.0,31.5
interactive0,131.0,65.5
batch0,21.0,31.5
batch1,21.0,31.5
batch2,21.0,31.5
interactive0,131.0,65.5
batch0,21.0,31.5
batch1,21.0,31.5
batch2,21.0,31.5
interactive0,131.0,65.5
batch0,21.0,31.5
batch1,21.0,31.5
batch2,21.0,31.5
interactive0,131.0,65.5
batch0,21.0,31.5
batch1,21.0,31.5
batch2,21.0,31.5
interactive0,131.0,65.5
batch0,21.0,31.5
batch1,21.0,31.5
batch2,21.0,31.5
interactive0,131.0,65.5
batch0,21.0,31.5
batch1,21.0,31.5
batch2,21.0,31.5
interactive0,131.0,65.5
batch0,21.0,31.5
batch1,21.0,31.5
batch2,21.0,31.5
interactive0,131.0,65.5
batch0,21.0,31.5
batch1,21.0,31.5
batch2,21.0,31.5
interactive0,131.0,65.5
batch0,21.0,31.5
batch1,21.0,31.5
batch2,21.0,31.5
interactive0,131.0,65.5
batch0,21.0,31.5
batch1,21.0,31.5
batch2,21.0,31.5
interactive0,131.0,65.5
batch0,21.0,31.5
batch1,21.0,31.5
batch2,21.0,31.5
interactive0,131.0,65.5
batch0,21.0,31.5
batch1,21.0,31.5
batch2,21.0,31.5
interactive0,131.0,65.5
batch0,21.0,31.5
batch1,21.0,31.5
batch2,21.0,31.5
interactive0,131.0,65.5
batch0,21.0,31.5
batch1,21.0,31.5
batch2,21.0,31.5
interactive0,131.0,65.5
batch0,21.0,31.5
batch1,21.0,31.5
batch2,21.0,31.5
interactive0,85.0,42.5
batch0,21.0,31.5
batch1,21.0,31.5
batch2,21.0,31.5
interactive0,0.0,0.0
batch0,44.0,66.0
batch1,44.0,66.0
batch2,44.0,66.0
interactive0,0.0,0.0
batch0,44.0,66.0
batch1,44.0,66.0
batch2,44.0,66.0
interactive0,0.0,0.0
batch0,44.0,66.0
batch1,44.0,66.0
batch2,44.0,66.0
interactive0,0.0,0.0
batch0,44.0,66.0
batch1,44.0,66.0
batch2,43.0,64.5
interactive0,0.0,0.0
batch0,44.0,66.0
batch1,44.0,66.0
batch2,43.0,64.5
interactive0,0.0,0.0
batch0,44.0,66.0
batch1,44.0,66.0
batch2,43.0,64.5
interactive0,0.0,0.0
batch0,44.0,66.0
batch1,44.0,66.0
batch2,43.0,64.5
interactive0,0.0,0.0
batch0,44.0,66.0
batch1,44.0,66.0
batch2,43.0,64.5
interactive0,0.0,0.0
batch0,44.0,66.0
batch1,44.0,66.0
batch2,43.0,64.5
interactive0,0.0,0.0
batch0,44.0,66.0
batch1,44.0,66.0
batch2,43.0,64.5
interactive0,0.0,0.0
batch0,44.0,66.0
batch1,44.0,66.0
batch2,43.0,64.5
interactive0,0.0,0.0
batch0,44.0,66.0
batch1,44.0,66.0
batch2,43.0,64.5
interactive0,0.0,0.0
batch0,44.0,66.0
batch1,44.0,66.0
batch2,43.0,64.5
interactive0,0.0,0.0
batch0,44.0,66.0
batch1,44.0,66.0
batch2,43.0,64.5
interactive0,0.0,0.0
batch0,44.0,66.0
batch1,44.0,66.0
batch2,43.0,64.5
interactive0,0.0,0.0
batch0,44.0,66.0
batch1,44.0,66.0
batch2,43.0,64.5
interactive0,0.0,0.0
batch0,44.0,66.0
batch1,44.0,66.0
batch2,43.0,64.5
interactive0,0.0,0.0
batch0,44.0,66.0
batch1,44.0,66.0
batch2,43.0,64.5
interactive0,0.0,0.0
batch0,44.0,66.0
batch1,44.0,66.0
batch2,43.0,64.5
interactive0,0.0,0.0
batch0,44.0,66.0
batch1,44.0,66.0
batch2,43.0,64.5
interactive0,0.0,0.0
batch0,44.0,66.0
batch1,44.0,66.0
batch2,43.0,64.5
interactive0,0.0,0.0
batch0,44.0,66.0
batch1,44.0,66.0
batch2,43.0,64.5
interactive0,0.0,0.0
batch0,44.0,66.0
batch1,44.0,66.0
batch2,43.0,64.5
interactive0,0.0,0.0
batch0,44.0,66.0
batch1,44.0,66.0
batch2,43.0,64.5
interactive0,0.0,0.0
batch0,44.0,66.0
batch1,44.0,66.0
batch2,43.0,64.5
interactive0,0.0,0.0
batch0,44.0,66.0
batch1,44.0,66.0
batch2,43.0,64.5
interactive0,0.0,0.0
batch0,44.0,66.0
batch1,44.0,66.0
batch2,43.0,64.5
interactive0,0.0,0.0
batch0,44.0,66.0
batch1,44.0,66.0
batch2,43.0,64.5
interactive0,0.0,0.0
batch0,44.0,66.0
batch1,44.0,66.0
batch2,43.0,64.5
interactive0,131.0,65.5
batch0,21.0,31.5
batch1,21.0,31.5
batch2,20.0,30.0
interactive0,131.0,65.5
batch0,21.0,31.5
batch1,21.0,31.5
batch2,20.0,30.0
interactive0,131.0,65.5
batch0,21.0,31.5
batch1,21.0,31.5
batch2,20.0,30.0
interactive0,131.0,65.5
batch0,21.0,31.5
batch1,21.0,31.5
batch2,20.0,30.0
interactive0,131.0,65.5
batch0,21.0,31.5
batch1,21.0,31.5
batch2,20.0,30.0
interactive0,131.0,65.5
batch0,21.0,31.5
batch1,21.0,31.5
batch2,20.0,30.0
interactive0,131.0,65.5
batch0,21.0,31.5
batch1,21.0,31.5
batch2,20.0,30.0
interactive0,131.0,65.5
batch0,21.0,31.5
batch1,21.0,31.5
batch2,20.0,30.0
interactive0,131.0,65.5
batch0,21.0,31.5
batch1,21.0,31.5
batch2,20.0,30.0
interactive0,131.0,65.5
batch0,21.0,31.5
batch1,21.0,31.5
batch2,20.0,30.0
interactive0,131.0,65.5
batch0,21.0,31.5
batch1,21.0,31.5
batch2,20.0,30.0
interactive0,131.0,65.5
batch0,21.0,31.5
batch1,21.0,31.5
batch2,20.0,30.0
interactive0,131.0,65.5
batch0,21.0,31.5
batch1,21.0,31.5
batch2,20.0,30.0
interactive0,131.0,65.5
batch0,21.0,31.5
batch1,21.0,31.5
batch2,20.0,30.0
interactive0,131.0,65.5
batch0,21.0,31.5
batch1,21.0,31.5
batch2,20.0,30.0
interactive0,131.0,65.5
batch0,21.0,31.5
batch1,21.0,31.5
batch2,20.0,30.0
interactive0,131.0,65.5
batch0,21.0,31.5
batch1,21.0,31.5
batch2,20.0,30.0
interactive0,131.0,65.5
batch0,21.0,31.5
batch1,21.0,31.5
batch2,20.0,30.0
interactive0,131.0,65.5
batch0,21.0,31.5
batch1,21.0,31.5
batch2,20.0,30.0
interactive0,131.0,65.5
batch0,21.0,31.5
batch1,21.0,31.5
batch2,20.0,30.0
interactive0,85.0,42.5
batch0,21.0,31.5
batch1,21.0,31.5
batch2,21.0,31.5
interactive0,0.0,0.0
batch0,44.0,66.0
batch1,44.0,66.0
batch2,44.0,66.0
interactive0,0.0,0.0
batch0,44.0,66.0
batch1,44.0,66.0
batch2,44.0,66.0
interactive0,0.0,0.0
batch0,44.0,66.0
batch1,44.0,66.0
batch2,44.0,66.0
interactive0,0.0,0.0
batch0,44.0,66.0
batch1,44.0,66.0
batch2,44.0,66.0
interactive0,0.0,0.0
batch0,44.0,66.0
batch1,44.0,66.0
batch2,44.0,66.0
interactive0,0.0,0.0
batch0,44.0,66.0
batch1,44.0,66.0
batch2,44.0,66.0
interactive0,0.0,0.0
batch0,44.0,66.0
batch1,44.0,66.0
batch2,44.0,66.0
interactive0,0.0,0.0
batch0,44.0,66.0
batch1,44.0,66.0
batch2,44.0,66.0
interactive0,0.0,0.0
batch0,44.0,66.0
batch1,44.0,66.0
batch2,44.0,66.0
interactive0,0.0,0.0
batch0,44.0,66.0
batch1,44.0,66.0
batch2,44.0,66.0
interactive0,0.0,0.0
batch0,44.0,66.0
batch1,44.0,66.0
batch2,44.0,66.0
interactive0,0.0,0.0
batch0,44.0,66.0
batch1,44.0,66.0
batch2,44.0,66.0
interactive0,0.0,0.0
batch0,44.0,66.0
batch1,44.0,66.0
batch2,44.0,66.0
interactive0,0.0,0.0
batch0,44.0,66.0
batch1,44.0,66.0
batch2,44.0,66.0
interactive0,0.0,0.0
batch0,44.0,66.0
batch1,44.0,66.0
batch2,44.0,66.0
interactive0,0.0,0.0
batch0,44.0,66.0
batch1,44.0,66.0
batch2,44.0,66.0
interactive0,0.0,0.0
batch0,44.0,66.0
batch1,44.0,66.0
batch2,44.0,66.0
interactive0,0.0,0.0
batch0,44.0,66.0
batch1,44.0,66.0
batch2,44.0,66.0
interactive0,0.0,0.0
batch0,44.0,66.0
batch1,44.0,66.0
batch2,44.0,66.0
interactive0,0.0,0.0
batch0,44.0,66.0
batch1,44.0,66.0
batch2,44.0,66.0
interactive0,0.0,0.0
batch0,44.0,66.0
batch1,44.0,66.0
batch2,44.0,66.0
interactive0,0.0,0.0
batch0,44.0,66.0
batch1,44.0,66.0
batch2,44.0,66.0
interactive0,0.0,0.0
batch0,44.0,66.0
batch1,44.0,66.0
batch2,44.0,66.0
interactive0,0.0,0.0
batch0,44.0,66.0
batch1,44.0,66.0
batch2,44.0,66.0
interactive0,0.0,0.0
batch0,44.0,66.0
batch1,44.0,66.0
batch2,44.0,66.0
interactive0,0.0,0.0
batch0,44.0,66.0
batch1,43.0,64.5
batch2,44.0,66.0
interactive0,0.0,0.0
batch0,44.0,66.0
batch1,43.0,64.5
batch2,44.0,66.0
interactive0,0.0,0.0
batch0,44.0,66.0
batch1,43.0,64.5
batch2,44.0,66.0
interactive0,0.0,0.0
batch0,44.0,66.0
batch1,43.0,64.5
batch2,44.0,66.0
interactive0,131.0,65.5
batch0,21.0,31.5
batch1,20.0,30.0
batch2,21.0,31.5
interactive0,131.0,65.5
batch0,21.0,31.5
batch1,20.0,30.0
batch2,21.0,31.5
interactive0,131.0,65.5
batch0,21.0,31.5
batch1,20.0,30.0
batch2,21.0,31.5
interactive0,131.0,65.5
batch0,21.0,31.5
batch1,20.0,30.0
batch2,21.0,31.5
interactive0,131.0,65.5
batch0,21.0,31.5
batch1,20.0,30.0
batch2,21.0,31.5
interactive0,131.0,65.5
batch0,21.0,31.5
batch1,20.0,30.0
batch2,21.0,31.5
interactive0,131.0,65.5
batch0,21.0,31.5
batch1,20.0,30.0
batch2,21.0,31.5
interactive0,131.0,65.5
batch0,21.0,31.5
batch1,20.0,30.0
batch2,21.0,31.5
interactive0,131.0,65.5
batch0,21.0,31.5
batch1,20.0,30.0
batch2,21.0,31.5
interactive0,131.0,65.5
batch0,21.0,31.5
batch1,20.0,30.0
batch2,21.0,31.5
interactive0,131.0,65.5
batch0,21.0,31.5
batch1,20.0,30.0
batch2,21.0,31.5
interactive0,131.0,65.5
batch0,21.0,31.5
batch1,20.0,30.0
batch2,21.0,31.5
interactive0,131.0,65.5
batch0,21.0,31.5
batch1,20.0,30.0
batch2,21.0,31.5
interactive0,131.0,65.5
batch0,21.0,31.5
batch1,20.0,30.0
batch2,21.0,31.5
interactive0,131.0,65.5
batch0,21.0,31.5
batch1,20.0,30.0
batch2,21.0,31.5
interactive0,131.0,65.5
batch0,21.0,31.5
batch1,20.0,30.0
batch2,21.0,31.5
interactive0,131.0,65.5
batch0,21.0,31.5
batch1,20.0,30.0
batch2,21.0,31.5
interactive0,131.0,65.5
batch0,21.0,31.5
batch1,20.0,30.0
batch2,21.0,31.5
interactive0,131.0,65.5
batch0,21.0,31.5
batch1,20.0,30.0
batch2,21.0,31.5
interactive0,131.0,65.5
batch0,21.0,31.5
batch1,20.0,30.0
batch2,21.0,31.5
interactive0,85.0,42.5
batch0,21.0,31.5
batch1,21.0,31.5
batch2,21.0,31.5
interactive0,0.0,0.0
batch0,44.0,66.0
batch1,44.0,66.0
batch2,44.0,66.0
interactive0,0.0,0.0
batch0,44.0,66.0
batch1,44.0,66.0
batch2,44.0,66.0
interactive0,0.0,0.0
batch0,44.0,66.0
batch1,44.0,66.0
batch2,44.0,66.0
interactive0,0.0,0.0
batch0,44.0,66.0
batch1,44.0,66.0
batch2,44.0,66.0
interactive0,0.0,0.0
batch0,44.0,66.0
batch1,44.0,66.0
batch2,44.0,66.0
interactive0,0.0,0.0
batch0,44.0,66.0
batch1,44.0,66.0
batch2,44.0,66.0
interactive0,0.0,0.0
batch0,44.0,66.0
batch1,44.0,66.0
batch2,44.0,66.0
interactive0,0.0,0.0
batch0,44.0,66.0
batch1,44.0,66.0
batch2,44.0,66.0
interactive0,0.0,0.0
batch0,44.0,66.0
batch1,44.0,66.0
batch2,44.0,66.0
interactive0,0.0,0.0
batch0,44.0,66.0
batch1,44.0,66.0
batch2,44.0,66.0
interactive0,0.0,0.0
batch0,44.0,66.0
batch1,44.0,66.0
batch2,44.0,66.0
interactive0,0.0,0.0
batch0,44.0,66.0
batch1,44.0,66.0
batch2,44.0,66.0
interactive0,0.0,0.0
batch0,44.0,66.0
batch1,44.0,66.0
batch2,44.0,66.0
interactive0,0.0,0.0
batch0,44.0,66.0
batch1,44.0,66.0
batch2,44.0,66.0
interactive0,0.0,0.0
batch0,44.0,66.0
batch1,44.0,66.0
batch2,44.0,66.0
interactive0,0.0,0.0
batch0,44.0,66.0
batch1,44.0,66.0
batch2,44.0,66.0
interactive0,0.0,0.0
batch0,44.0,66.0
batch1,44.0,66.0
batch2,44.0,66.0
interactive0,0.0,0.0
batch0,44.0,66.0
batch1,44.0,66.0
batch2,44.0,66.0
interactive0,0.0,0.0
batch0,44.0,66.0
batch1,44.0,66.0
batch2,44.0,66.0
interactive0,0.0,0.0
batch0,44.0,66.0
batch1,44.0,66.0
batch2,44.0,66.0
interactive0,0.0,0.0
batch0,44.0,66.0
batch1,44.0,66.0
batch2,44.0,66.0
interactive0,0.0,0.0
batch0,44.0,66.0
batch1,44.0,66.0
batch2,44.0,66.0
interactive0,0.0,0.0
batch0,44.0,66.0
batch1,44.0,66.0
batch2,44.0,66.0
interactive0,0.0,0.0
batch0,44.0,66.0
batch1,44.0,66.0
batch2,44.0,66.0
interactive0,0.0,0.0
batch0,44.0,66.0
batch1,44.0,66.0
batch2,44.0,66.0
interactive0,0.0,0.0
batch0,44.0,66.0
batch1,44.0,66.0
batch2,44.0,66.0
interactive0,0.0,0.0
batch0,44.0,66.0
batch1,44.0,66.0
batch2,44.0,66.0
interactive0,0.0,0.0
batch0,44.0,66.0
batch1,44.0,66.0
batch2,44.0,66.0
interactive0,0.0,0.0
batch0,44.0,66.0
batch1,44.0,66.0
batch2,44.0,66.0
interactive0,131.0,65.5
batch0,21.0,31.5
batch1,21.0,31.5
batch2,21.0,31.5
interactive0,131.0,65.5
batch0,21.0,31.5
batch1,21.0,31.5
batch2,21.0,31.5
interactive0,131.0,65.5
batch0,21.0,31.5
batch1,21.0,31.5
batch2,21.0,31.5
interactive0,131.0,65.5
batch0,21.0,31.5
batch1,21.0,31.5
batch2,21.0,31.5
interactive0,131.0,65.5
batch0,21.0,31.5
batch1,21.0,31.5
batch2,21.0,31.5
interactive0,131.0,65.5
batch0,21.0,31.5
batch1,21.0,31.5
batch2,21.0,31.5
interactive0,131.0,65.5
batch0,21.0,31.5
batch1,21.0,31.5
batch2,21.0,31.5
interactive0,131.0,65.5
batch0,21.0,31.5
batch1,21.0,31.5
batch2,21.0,31.5
interactive0,131.0,65.5
batch0,21.0,31.5
batch1,21.0,31.5
batch2,21.0,31.5
interactive0,131.0,65.5
batch0,21.0,31.5
batch1,21.0,31.5
batch2,21.0,31.5
interactive0,131.0,65.5
batch0,21.0,31.5
batch1,21.0,31.5
batch2,21.0,31.5
interactive0,131.0,65.5
batch0,21.0,31.5
batch1,21.0,31.5
batch2,21.0,31.5
interactive0,131.0,65.5
batch0,21.0,31.5
batch1,21.0,31.5
batch2,21.0,31.5
interactive0,131.0,65.5
batch0,21.0,31.5
batch1,21.0,31.5
batch2,21.0,31.5
interactive0,131.0,65.5
batch0,21.0,31.5
batch1,21.0,31.5
batch2,21.0,31.5
interactive0,131.0,65.5
batch0,21.0,31.5
batch1,21.0,31.5
batch2,21.0,31.5
interactive0,131.0,65.5
batch0,21.0,31.5
batch1,21.0,31.5
batch2,21.0,31.5
interactive0,131.0,65.5
batch0,21.0,31.5
batch1,21.0,31.5
batch2,21.0,31.5
interactive0,131.0,65.5
batch0,21.0,31.5
batch1,21.0,31.5
batch2,21.0,31.5
interactive0,131.0,65.5
batch0,21.0,31.5
batch1,21.0,31.5
batch2,21.0,31.5
interactive0,85.0,42.5
batch0,21.0,31.5
batch1,21.0,31.5
batch2,21.0,31.5
interactive0,0.0,0.0
batch0,44.0,66.0
batch1,44.0,66.0
batch2,44.0,66.0
interactive0,0.0,0.0
batch0,44.0,66.0
batch1,44.0,66.0
batch2,44.0,66.0
interactive0,0.0,0.0
batch0,44.0,66.0
batch1,44.0,66.0
batch2,44.0,66.0
interactive0,0.0,0.0
batch0,44.0,66.0
batch1,44.0,66.0
batch2,44.0,66.0
interactive0,0.0,0.0
batch0,44.0,66.0
batch1,44.0,66.0
batch2,44.0,66.0
interactive0,0.0,0.0
batch0,44.0,66.0
batch1,44.0,66.0
batch2,44.0,66.0
interactive0,0.0,0.0
batch0,44.0,66.0
batch1,44.0,66.0
batch2,44.0,66.0
interactive0,0.0,0.0
batch0,44.0,66.0
batch1,44.0,66.0
batch2,44.0,66.0
interactive0,0.0,0.0
batch0,43.0,64.5
batch1,44.0,66.0
batch2,44.0,66.0
interactive0,0.0,0.0
batch0,43.0,64.5
batch1,44.0,66.0
batch2,44.0,66.0
interactive0,0.0,0.0
batch0,43.0,64.5
batch1,44.0,66.0
batch2,44.0,66.0
interactive0,0.0,0.0
batch0,43.0,64.5
batch1,44.0,66.0
batch2,44.0,66.0
interactive0,0.0,0.0
batch0,43.0,64.5
batch1,44.0,66.0
batch2,44.0,66.0
interactive0,0.0,0.0
batch0,43.0,64.5
batch1,44.0,66.0
batch2,44.0,66.0
interactive0,0.0,0.0
batch0,43.0,64.5
batch1,44.0,66.0
batch2,44.0,66.0
interactive0,0.0,0.0
batch0,43.0,64.5
batch1,44.0,66.0
batch2,44.0,66.0
interactive0,0.0,0.0
batch0,43.0,64.5
batch1,44.0,66.0
batch2,44.0,66.0
interactive0,0.0,0.0
batch0,43.0,64.5
batch1,44.0,66.0
batch2,44.0,66.0
interactive0,0.0,0.0
batch0,43.0,64.5
batch1,44.0,66.0
batch2,44.0,66.0
interactive0,0.0,0.0
batch0,43.0,64.5
batch1,44.0,66.0
batch2,44.0,66.0
interactive0,0.0,0.0
batch0,43.0,64.5
batch1,44.0,66.0
batch2,44.0,66.0
interactive0,0.0,0.0
batch0,43.0,64.5
batch1,44.0,66.0
batch2,44.0,66.0
interactive0,0.0,0.0
batch0,43.0,64.5
batch1,44.0,66.0
batch2,44.0,66.0
interactive0,0.0,0.0
batch0,43.0,64.5
batch1,44.0,66.0
batch2,44.0,66.0
interactive0,0.0,0.0
batch0,43.0,64.5
batch1,44.0,66.0
batch2,44.0,66.0
interactive0,0.0,0.0
batch0,43.0,64.5
batch1,44.0,66.0
batch2,44.0,66.0
interactive0,0.0,0.0
batch0,43.0,64.5
batch1,44.0,66.0
batch2,44.0,66.0
interactive0,0.0,0.0
batch0,43.0,64.5
batch1,44.0,66.0
batch2,44.0,66.0
interactive0,0.0,0.0
batch0,43.0,64.5
batch1,44.0,66.0
batch2,44.0,66.0
interactive0,131.0,65.5
batch0,20.0,30.0
batch1,21.0,31.5
batch2,21.0,31.5
interactive0,131.0,65.5
batch0,20.0,30.0
batch1,21.0,31.5
batch2,21.0,31.5
interactive0,131.0,65.5
batch0,20.0,30.0
batch1,21.0,31.5
batch2,21.0,31.5
interactive0,131.0,65.5
batch0,20.0,30.0
batch1,21.0,31.5
batch2,21.0,31.5
interactive0,131.0,65.5
batch0,20.0,30.0
batch1,21.0,31.5
batch2,21.0,31.5
interactive0,131.0,65.5
batch0,20.0,30.0
batch1,21.0,31.5
batch2,21.0,31.5
interactive0,131.0,65.5
batch0,20.0,30.0
batch1,21.0,31.5
batch2,21.0,31.5
interactive0,131.0,65.5
batch0,20.0,30.0
batch1,21.0,31.5
batch2,21.0,31.5
interactive0,131.0,65.5
batch0,20.0,30.0
batch1,21.0,31.5
batch2,21.0,31.5
interactive0,131.0,65.5
batch0,20.0,30.0
batch1,21.0,31.5
batch2,21.0,31.5
interactive0,131.0,65.5
batch0,20.0,30.0
batch1,21.0,31.5
batch2,21.0,31.5
interactive0,131.0,65.5
batch0,20.0,30.0
batch1,21.0,31.5
batch2,21.0,31.5
interactive0,131.0,65.5
batch0,20.0,30.0
batch1,21.0,31.5
batch2,21.0,31.5
interactive0,131.0,65.5
batch0,20.0,30.0
batch1,21.0,31.5
batch2,21.0,31.5
interactive0,131.0,65.5
batch0,20.0,30.0
batch1,21.0,31.5
batch2,21.0,31.5
interactive0,131.0,65.5
batch0,20.0,30.0
batch1,21.0,31.5
batch2,21.0,31.5
interactive0,131.0,65.5
batch0,20.0,30.0
batch1,21.0,31.5
batch2,21.0,31.5
interactive0,131.0,65.5
batch0,20.0,30.0
batch1,21.0,31.5
batch2,21.0,31.5
interactive0,131.0,65.5
batch0,20.0,30.0
batch1,21.0,31.5
batch2,21.0,31.5
interactive0,131.0,65.5
batch0,20.0,30.0
batch1,21.0,31.5
batch2,21.0,31.5
interactive0,85.0,42.5
batch0,21.0,31.5
batch1,21.0,31.5
batch2,21.0,31.5
interactive0,0.0,0.0
batch0,44.0,66.0
batch1,44.0,66.0
batch2,44.0,66.0
interactive0,0.0,0.0
batch0,44.0,66.0
batch1,44.0,66.0
batch2,44.0,66.0
interactive0,0.0,0.0
batch0,44.0,66.0
batch1,44.0,66.0
batch2,44.0,66.0
interactive0,0.0,0.0
batch0,44.0,66.0
batch1,44.0,66.0
batch2,44.0,66.0
interactive0,0.0,0.0
batch0,44.0,66.0
batch1,44.0,66.0
batch2,44.0,66.0
interactive0,0.0,0.0
batch0,44.0,66.0
batch1,44.0,66.0
batch2,44.0,66.0
interactive0,0.0,0.0
batch0,44.0,66.0
batch1,44.0,66.0
batch2,44.0,66.0
interactive0,0.0,0.0
batch0,44.0,66.0
batch1,44.0,66.0
batch2,44.0,66.0
interactive0,0.0,0.0
batch0,44.0,66.0
batch1,44.0,66.0
batch2,44.0,66.0
interactive0,0.0,0.0
batch0,44.0,66.0
batch1,44.0,66.0
batch2,44.0,66.0
interactive0,0.0,0.0
batch0,44.0,66.0
batch1,44.0,66.0
batch2,44.0,66.0
interactive0,0.0,0.0
batch0,44.0,66.0
batch1,44.0,66.0
batch2,44.0,66.0
interactive0,0.0,0.0
batch0,44.0,66.0
batch1,44.0,66.0
batch2,44.0,66.0
interactive0,0.0,0.0
batch0,44.0,66.0
batch1,44.0,66.0
batch2,44.0,66.0
interactive0,0.0,0.0
batch0,44.0,66.0
batch1,44.0,66.0
batch2,44.0,66.0
interactive0,0.0,0.0
batch0,44.0,66.0
batch1,44.0,66.0
batch2,44.0,66.0
interactive0,0.0,0.0
batch0,44.0,66.0
batch1,44.0,66.0
batch2,44.0,66.0
interactive0,0.0,0.0
batch0,44.0,66.0
batch1,44.0,66.0
batch2,44.0,66.0
interactive0,0.0,0.0
batch0,44.0,66.0
batch1,44.0,66.0
batch2,44.0,66.0
interactive0,0.0,0.0
batch0,44.0,66.0
batch1,44.0,66.0
batch2,44.0,66.0
interactive0,0.0,0.0
batch0,44.0,66.0
batch1,44.0,66.0
batch2,44.0,66.0
interactive0,0.0,0.0
batch0,44.0,66.0
batch1,44.0,66.0
batch2,44.0,66.0
interactive0,0.0,0.0
batch0,44.0,66.0
batch1,44.0,66.0
batch2,44.0,66.0
interactive0,0.0,0.0
batch0,44.0,66.0
batch1,44.0,66.0
batch2,44.0,66.0
interactive0,0.0,0.0
batch0,44.0,66.0
batch1,44.0,66.0
batch2,44.0,66.0
interactive0,0.0,0.0
batch0,44.0,66.0
batch1,44.0,66.0
batch2,44.0,66.0
interactive0,0.0,0.0
batch0,44.0,66.0
batch1,44.0,66.0
batch2,44.0,66.0
interactive0,0.0,0.0
batch0,44.0,66.0
batch1,44.0,66.0
batch2,44.0,66.0
interactive0,0.0,0.0
batch0,44.0,66.0
batch1,44.0,66.0
batch2,44.0,66.0
interactive0,131.0,65.5
batch0,21.0,31.5
batch1,21.0,31.5
batch2,21.0,31.5
interactive0,131.0,65.5
batch0,21.0,31.5
batch1,21.0,31.5
batch2,21.0,31.5
interactive0,131.0,65.5
batch0,21.0,31.5
batch1,21.0,31.5
batch2,21.0,31.5
interactive0,131.0,65.5
batch0,21.0,31.5
batch1,21.0,31.5
batch2,21.0,31.5
interactive0,131.0,65.5
batch0,21.0,31.5
batch1,21.0,31.5
batch2,21.0,31.5
interactive0,131.0,65.5
batch0,21.0,31.5
batch1,21.0,31.5
batch2,21.0,31.5
interactive0,131.0,65.5
batch0,21.0,31.5
batch1,21.0,31.5
batch2,21.0,31.5
interactive0,131.0,65.5
batch0,21.0,31.5
batch1,21.0,31.5
batch2,21.0,31.5
interactive0,131.0,65.5
batch0,21.0,31.5
batch1,21.0,31.5
batch2,21.0,31.5
interactive0,131.0,65.5
batch0,21.0,31.5
batch1,21.0,31.5
batch2,21.0,31.5
interactive0,131.0,65.5
batch0,21.0,31.5
batch1,21.0,31.5
batch2,21.0,31.5
interactive0,131.0,65.5
batch0,21.0,31.5
batch1,21.0,31.5
batch2,21.0,31.5
interactive0,131.0,65.5
batch0,21.0,31.5
batch1,21.0,31.5
batch2,21.0,31.5
interactive0,131.0,65.5
batch0,21.0,31.5
batch1,21.0,31.5
batch2,21.0,31.5
interactive0,131.0,65.5
batch0,21.0,31.5
batch1,21.0,31.5
batch2,21.0,31.5
interactive0,131.0,65.5
batch0,21.0,31.5
batch1,21.0,31.5
batch2,21.0,31.5
interactive0,131.0,65.5
batch0,21.0,31.5
batch1,21.0,31.5
batch2,21.0,31.5
interactive0,131.0,65.5
batch0,21.0,31.5
batch1,21.0,31.5
batch2,21.0,31.5
interactive0,131.0,65.5
batch0,21.0,31.5
batch1,21.0,31.5
batch2,21.0,31.5
interactive0,131.0,65.5
batch0,21.0,31.5
batch1,21.0,31.5
batch2,21.0,31.5
interactive0,85.0,42.5
batch0,21.0,31.5
batch1,21.0,31.5
batch2,21.0,31.5
interactive0,0.0,0.0
batch0,44.0,66.0
batch1,44.0,66.0
batch2,44.0,66.0
interactive0,0.0,0.0
batch0,44.0,66.0
batch1,44.0,66.0
batch2,44.0,66.0
interactive0,0.0,0.0
batch0,44.0,66.0
batch1,44.0,66.0
batch2,44.0,66.0
interactive0,0.0,0.0
batch0,44.0,66.0
batch1,44.0,66.0
batch2,44.0,66.0
interactive0,0.0,0.0
batch0,44.0,66.0
batch1,44.0,66.0
batch2,44.0,66.0
interactive0,0.0,0.0
batch0,44.0,66.0
batch1,44.0,66.0
batch2,44.0,66.0
interactive0,0.0,0.0
batch0,44.0,66.0
batch1,44.0,66.0
batch2,44.0,66.0
interactive0,0.0,0.0
batch0,44.0,66.0
batch1,44.0,66.0
batch2,44.0,66.0
interactive0,0.0,0.0
batch0,44.0,66.0
batch1,44.0,66.0
batch2,44.0,66.0
interactive0,0.0,0.0
batch0,44.0,66.0
batch1,44.0,66.0
batch2,44.0,66.0
interactive0,0.0,0.0
batch0,44.0,66.0
batch1,44.0,66.0
batch2,44.0,66.0
interactive0,0.0,0.0
batch0,44.0,66.0
batch1,44.0,66.0
batch2,44.0,66.0
interactive0,0.0,0.0
batch0,44.0,66.0
batch1,44.0,66.0
batch2,44.0,66.0
interactive0,0.0,0.0
batch0,44.0,66.0
batch1,44.0,66.0
batch2,44.0,66.0
interactive0,0.0,0.0
batch0,44.0,66.0
batch1,44.0,66.0
batch2,44.0,66.0
interactive0,0.0,0.0
batch0,44.0,66.0
batch1,44.0,66.0
batch2,44.0,66.0
interactive0,0.0,0.0
batch0,44.0,66.0
batch1,44.0,66.0
batch2,44.0,66.0
interactive0,0.0,0.0
batch0,44.0,66.0
batch1,44.0,66.0
batch2,44.0,66.0
interactive0,0.0,0.0
batch0,44.0,66.0
batch1,44.0,66.0
batch2,44.0,66.0
interactive0,0.0,0.0
batch0,44.0,66.0
batch1,44.0,66.0
batch2,44.0,66.0
interactive0,0.0,0.0
batch0,44.0,66.0
batch1,44.0,66.0
batch2,44.0,66.0
interactive0,0.0,0.0
batch0,44.0,66.0
batch1,44.0,66.0
batch2,44.0,66.0
interactive0,0.0,0.0
batch0,44.0,66.0
batch1,44.0,66.0
batch2,44.0,66.0
interactive0,0.0,0.0
batch0,44.0,66.0
batch1,44.0,66.0
batch2,44.0,66.0
interactive0,0.0,0.0
batch0,44.0,66.0
batch1,44.0,66.0
batch2,44.0,66.0
interactive0,0.0,0.0
batch0,44.0,66.0
batch1,44.0,66.0
batch2,44.0,66.0
interactive0,0.0,0.0
batch0,44.0,66.0
batch1,44.0,66.0
batch2,44.0,66.0
interactive0,0.0,0.0
batch0,44.0,66.0
batch1,44.0,66.0
batch2,44.0,66.0
interactive0,0.0,0.0
batch0,44.0,66.0
batch1,44.0,66.0
batch2,44.0,66.0
interactive0,131.0,65.5
batch0,21.0,31.5
batch1,21.0,31.5
batch2,21.0,31.5
interactive0,131.0,65.5
batch0,21.0,31.5
batch1,21.0,31.5
batch2,21.0,31.5
interactive0,131.0,65.5
batch0,21.0,31.5
batch1,21.0,31.5
batch2,21.0,31.5
interactive0,131.0,65.5
batch0,21.0,31.5
batch1,21.0,31.5
batch2,21.0,31.5
interactive0,131.0,65.5
batch0,21.0,31.5
batch1,21.0,31.5
batch2,21.0,31.5
interactive0,131.0,65.5
batch0,21.0,31.5
batch1,21.0,31.5
batch2,21.0,31.5
interactive0,131.0,65.5
batch0,21.0,31.5
batch1,21.0,31.5
batch2,21.0,31.5
interactive0,131.0,65.5
batch0,21.0,31.5
batch1,21.0,31.5
batch2,21.0,31.5
interactive0,131.0,65.5
batch0,21.0,31.5
batch1,21.0,31.5
batch2,21.0,31.5
interactive0,131.0,65.5
batch0,21.0,31.5
batch1,21.0,31.5
batch2,21.0,31.5
interactive0,131.0,65.5
batch0,21.0,31.5
batch1,21.0,31.5
batch2,21.0,31.5
interactive0,131.0,65.5
batch0,21.0,31.5
batch1,21.0,31.5
batch2,21.0,31.5
interactive0,131.0,65.5
batch0,21.0,31.5
batch1,21.0,31.5
batch2,21.0,31.5
interactive0,131.0,65.5
batch0,21.0,31.5
batch1,21.0,31.5
batch2,21.0,31.5
interactive0,131.0,65.5
batch0,21.0,31.5
batch1,21.0,31.5
batch2,21.0,31.5
interactive0,131.0,65.5
batch0,21.0,31.5
batch1,21.0,31.5
batch2,21.0,31.5
interactive0,131.0,65.5
batch0,21.0,31.5
batch1,21.0,31.5
batch2,21.0,31.5
interactive0,131.0,65.5
batch0,21.0,31.5
batch1,21.0,31.5
batch2,21.0,31.5
interactive0,131.0,65.5
batch0,21.0,31.5
batch1,21.0,31.5
batch2,21.0,31.5
interactive0,131.0,65.5
batch0,21.0,31.5
batch1,21.0,31.5
batch2,21.0,31.5
interactive0,85.0,42.5
batch0,21.0,31.5
batch1,21.0,31.5
batch2,21.0,31.5
interactive0,0.0,0.0
batch0,44.0,66.0
batch1,44.0,66.0
batch2,44.0,66.0
interactive0,0.0,0.0
batch0,44.0,66.0
batch1,44.0,66.0
batch2,44.0,66.0
interactive0,0.0,0.0
batch0,44.0,66.0
batch1,44.0,66.0
batch2,44.0,66.0
interactive0,0.0,0.0
batch0,44.0,66.0
batch1,44.0,66.0
batch2,44.0,66.0
interactive0,0.0,0.0
batch0,44.0,66.0
batch1,44.0,66.0
batch2,44.0,66.0
interactive0,0.0,0.0
batch0,44.0,66.0
batch1,44.0,66.0
batch2,44.0,66.0
interactive0,0.0,0.0
batch0,44.0,66.0
batch1,44.0,66.0
batch2,44.0,66.0
interactive0,0.0,0.0
batch0,44.0,66.0
batch1,44.0,66.0
batch2,44.0,66.0
interactive0,0.0,0.0
batch0,44.0,66.0
batch1,44.0,66.0
batch2,44.0,66.0
interactive0,0.0,0.0
batch0,44.0,66.0
batch1,44.0,66.0
batch2,44.0,66.0
interactive0,0.0,0.0
batch0,44.0,66.0
batch1,44.0,66.0
batch2,44.0,66.0
interactive0,0.0,0.0
batch0,44.0,66.0
batch1,44.0,66.0
batch2,44.0,66.0
interactive0,0.0,0.0
batch0,44.0,66.0
batch1,44.0,66.0
batch2,44.0,66.0
interactive0,0.0,0.0
batch0,44.0,66.0
batch1,44.0,66.0
batch2,44.0,66.0
interactive0,0.0,0.0
batch0,44.0,66.0
batch1,44.0,66.0
batch2,44.0,66.0
interactive0,0.0,0.0
batch0,44.0,66.0
batch1,44.0,66.0
batch2,44.0,66.0
interactive0,0.0,0.0
batch0,44.0,66.0
batch1,44.0,66.0
batch2,44.0,66.0
interactive0,0.0,0.0
batch0,44.0,66.0
batch1,44.0,66.0
batch2,44.0,66.0
interactive0,0.0,0.0
batch0,44.0,66.0
batch1,44.0,66.0
batch2,44.0,66.0
interactive0,0.0,0.0
batch0,44.0,66.0
batch1,44.0,66.0
batch2,44.0,66.0
interactive0,0.0,0.0
batch0,44.0,66.0
batch1,44.0,66.0
batch2,44.0,66.0
interactive0,0.0,0.0
batch0,44.0,66.0
batch1,44.0,66.0
batch2,44.0,66.0
interactive0,0.0,0.0
batch0,44.0,66.0
batch1,44.0,66.0
batch2,44.0,66.0
interactive0,0.0,0.0
batch0,44.0,66.0
batch1,44.0,66.0
batch2,44.0,66.0
interactive0,0.0,0.0
batch0,44.0,66.0
batch1,44.0,66.0
batch2,43.0,64.5
interactive0,0.0,0.0
batch0,44.0,66.0
batch1,44.0,66.0
batch2,43.0,64.5
interactive0,0.0,0.0
batch0,44.0,66.0
batch1,44.0,66.0
batch2,43.0,64.5
interactive0,0.0,0.0
batch0,44.0,66.0
batch1,44.0,66.0
batch2,43.0,64.5
interactive0,0.0,0.0
batch0,44.0,66.0
batch1,44.0,66.0
batch2,43.0,64.5
interactive0,0.0,0.0
batch0,44.0,66.0
batch1,44.0,66.0
batch2,43.0,64.5
interactive0,0.0,0.0
batch0,44.0,66.0
batch1,44.0,66.0
batch2,43.0,64.5
interactive0,0.0,0.0
batch0,44.0,66.0
batch1,44.0,66.0
batch2,43.0,64.5
interactive0,0.0,0.0
batch0,44.0,66.0
batch1,44.0,66.0
batch2,43.0,64.5
interactive0,0.0,0.0
batch0,44.0,66.0
batch1,44.0,66.0
batch2,43.0,64.5
interactive0,0.0,0.0
batch0,44.0,66.0
batch1,44.0,66.0
batch2,43.0,64.5
interactive0,0.0,0.0
batch0,44.0,66.0
batch1,44.0,66.0
batch2,43.0,64.5
interactive0,0.0,0.0
batch0,44.0,66.0
batch1,44.0,66.0
batch2,43.0,64.5
interactive0,0.0,0.0
batch0,44.0,66.0
batch1,44.0,66.0
batch2,43.0,64.5
interactive0,0.0,0.0
batch0,44.0,66.0
batch1,44.0,66.0
batch2,43.0,64.5
interactive0,0.0,0.0
batch0,44.0,66.0
batch1,44.0,66.0
batch2,43.0,64.5
interactive0,0.0,0.0
batch0,44.0,66.0
batch1,44.0,66.0
batch2,43.0,64.5
interactive0,0.0,0.0
batch0,44.0,66.0
batch1,44.0,66.0
batch2,43.0,64.5
interactive0,0.0,0.0
batch0,44.0,66.0
batch1,44.0,66.0
batch2,43.0,64.5
interactive0,0.0,0.0
batch0,44.0,66.0
batch1,44.0,66.0
batch2,43.0,64.5
interactive0,0.0,0.0
batch0,44.0,66.0
batch1,44.0,66.0
batch2,43.0,64.5
interactive0,0.0,0.0
batch0,44.0,66.0
batch1,44.0,66.0
batch2,43.0,64.5
interactive0,0.0,0.0
batch0,44.0,66.0
batch1,44.0,66.0
batch2,43.0,64.5
interactive0,0.0,0.0
batch0,44.0,66.0
batch1,44.0,66.0
batch2,43.0,64.5
interactive0,0.0,0.0
batch0,44.0,66.0
batch1,44.0,66.0
batch2,43.0,64.5
interactive0,0.0,0.0
batch0,44.0,66.0
batch1,44.0,66.0
batch2,43.0,64.5
interactive0,0.0,0.0
batch0,44.0,66.0
batch1,44.0,66.0
batch2,43.0,64.5
interactive0,0.0,0.0
batch0,44.0,66.0
batch1,44.0,66.0
batch2,43.0,64.5
interactive0,0.0,0.0
batch0,44.0,66.0
batch1,44.0,66.0
batch2,43.0,64.5
interactive0,0.0,0.0
batch0,44.0,66.0
batch1,44.0,66.0
batch2,43.0,64.5
interactive0,0.0,0.0
batch0,44.0,66.0
batch1,44.0,66.0
batch2,43.0,64.5
interactive0,0.0,0.0
batch0,44.0,66.0
batch1,44.0,66.0
batch2,43.0,64.5
interactive0,0.0,0.0
batch0,44.0,66.0
batch1,44.0,66.0
batch2,43.0,64.5
interactive0,0.0,0.0
batch0,44.0,66.0
batch1,44.0,66.0
batch2,43.0,64.5
interactive0,0.0,0.0
batch0,44.0,66.0
batch1,44.0,66.0
batch2,43.0,64.5
interactive0,0.0,0.0
batch0,44.0,66.0
batch1,44.0,66.0
batch2,43.0,64.5
interactive0,0.0,0.0
batch0,44.0,66.0
batch1,44.0,66.0
batch2,43.0,64.5
interactive0,0.0,0.0
batch0,44.0,66.0
batch1,44.0,66.0
batch2,43.0,64.5
interactive0,0.0,0.0
batch0,44.0,66.0
batch1,44.0,66.0
batch2,43.0,64.5
interactive0,0.0,0.0
batch0,44.0,66.0
batch1,44.0,66.0
batch2,43.0,64.5
interactive0,0.0,0.0
batch0,44.0,66.0
batch1,44.0,66.0
batch2,43.0,64.5
interactive0,0.0,0.0
batch0,44.0,66.0
batch1,44.0,66.0
batch2,43.0,64.5
interactive0,0.0,0.0
batch0,44.0,66.0
batch1,44.0,66.0
batch2,43.0,64.5
interactive0,0.0,0.0
batch0,44.0,66.0
batch1,44.0,66.0
batch2,43.0,64.5
interactive0,0.0,0.0
batch0,44.0,66.0
batch1,44.0,66.0
batch2,43.0,64.5
interactive0,0.0,0.0
batch0,44.0,66.0
batch1,44.0,66.0
batch2,43.0,64.5
interactive0,0.0,0.0
batch0,44.0,66.0
batch1,44.0,66.0
batch2,43.0,64.5
interactive0,0.0,0.0
batch0,44.0,66.0
batch1,44.0,66.0
batch2,43.0,64.5
interactive0,0.0,0.0
batch0,44.0,66.0
batch1,44.0,66.0
batch2,43.0,64.5
interactive0,0.0,0.0
batch0,44.0,66.0
batch1,44.0,66.0
batch2,43.0,64.5
interactive0,0.0,0.0
batch0,44.0,66.0
batch1,44.0,66.0
batch2,43.0,64.5
interactive0,0.0,0.0
batch0,44.0,66.0
batch1,44.0,66.0
batch2,43.0,64.5
interactive0,0.0,0.0
batch0,44.0,66.0
batch1,44.0,66.0
batch2,43.0,64.5
interactive0,0.0,0.0
batch0,44.0,66.0
batch1,44.0,66.0
batch2,43.0,64.5
interactive0,0.0,0.0
batch0,44.0,66.0
batch1,44.0,66.0
batch2,43.0,64.5
interactive0,0.0,0.0
batch0,44.0,66.0
batch1,44.0,66.0
batch2,43.0,64.5
interactive0,0.0,0.0
batch0,44.0,66.0
batch1,44.0,66.0
batch2,43.0,64.5
interactive0,0.0,0.0
batch0,44.0,66.0
batch1,44.0,66.0
batch2,43.0,64.5
interactive0,0.0,0.0
batch0,44.0,66.0
batch1,44.0,66.0
batch2,43.0,64.5
interactive0,0.0,0.0
batch0,44.0,66.0
batch1,44.0,66.0
batch2,43.0,64.5
interactive0,0.0,0.0
batch0,44.0,66.0
batch1,44.0,66.0
batch2,43.0,64.5
interactive0,0.0,0.0
batch0,44.0,66.0
batch1,44.0,66.0
batch2,43.0,64.5
interactive0,0.0,0.0
batch0,44.0,66.0
batch1,44.0,66.0
batch2,43.0,64.5
interactive0,0.0,0.0
batch0,44.0,66.0
batch1,44.0,66.0
batch2,43.0,64.5
interactive0,0.0,0.0
batch0,44.0,66.0
batch1,44.0,66.0
batch2,43.0,64.5
interactive0,0.0,0.0
batch0,44.0,66.0
batch1,44.0,66.0
batch2,43.0,64.5
interactive0,0.0,0.0
batch0,44.0,66.0
batch1,44.0,66.0
batch2,43.0,64.5
interactive0,0.0,0.0
batch0,44.0,66.0
batch1,44.0,66.0
batch2,43.0,64.5
interactive0,0.0,0.0
batch0,44.0,66.0
batch1,44.0,66.0
batch2,43.0,64.5
interactive0,0.0,0.0
batch0,44.0,66.0
batch1,44.0,66.0
batch2,43.0,64.5
interactive0,0.0,0.0
batch0,44.0,66.0
batch1,44.0,66.0
batch2,43.0,64.5
interactive0,0.0,0.0
batch0,44.0,66.0
batch1,44.0,66.0
batch2,43.0,64.5
interactive0,0.0,0.0
batch0,44.0,66.0
batch1,44.0,66.0
batch2,43.0,64.5
interactive0,0.0,0.0
batch0,44.0,66.0
batch1,44.0,66.0
batch2,43.0,64.5
interactive0,0.0,0.0
batch0,44.0,66.0
batch1,44.0,66.0
batch2,43.0,64.5
interactive0,0.0,0.0
batch0,44.0,66.0
batch1,44.0,66.0
batch2,43.0,64.5
interactive0,0.0,0.0
batch0,44.0,66.0
batch1,44.0,66.0
batch2,43.0,64.5
interactive0,0.0,0.0
batch0,44.0,66.0
batch1,44.0,66.0
batch2,43.0,64.5
interactive0,0.0,0.0
batch0,44.0,66.0
batch1,44.0,66.0
batch2,43.0,64.5
interactive0,0.0,0.0
batch0,44.0,66.0
batch1,44.0,66.0
batch2,43.0,64.5
interactive0,0.0,0.0
batch0,44.0,66.0
batch1,44.0,66.0
batch2,43.0,64.5
interactive0,0.0,0.0
batch0,44.0,66.0
batch1,44.0,66.0
batch2,43.0,64.5
interactive0,0.0,0.0
batch0,44.0,66.0
batch1,44.0,66.0
batch2,43.0,64.5
interactive0,0.0,0.0
batch0,44.0,66.0
batch1,44.0,66.0
batch2,43.0,64.5
interactive0,0.0,0.0
batch0,44.0,66.0
batch1,44.0,66.0
batch2,43.0,64.5
interactive0,0.0,0.0
batch0,44.0,66.0
batch1,44.0,66.0
batch2,43.0,64.5
interactive0,0.0,0.0
batch0,44.0,66.0
batch1,44.0,66.0
batch2,43.0,64.5
interactive0,0.0,0.0
batch0,44.0,66.0
batch1,44.0,66.0
batch2,43.0,64.5
interactive0,0.0,0.0
batch0,44.0,66.0
batch1,44.0,66.0
batch2,43.0,64.5
interactive0,0.0,0.0
batch0,44.0,66.0
batch1,44.0,66.0
batch2,43.0,64.5
interactive0,0.0,0.0
batch0,44.0,66.0
batch1,44.0,66.0
batch2,43.0,64.5
interactive0,0.0,0.0
batch0,44.0,66.0
batch1,44.0,66.0
batch2,43.0,64.5
interactive0,0.0,0.0
batch0,44.0,66.0
batch1,44.0,66.0
batch2,43.0,64.5
interactive0,0.0,0.0
batch0,44.0,66.0
batch1,44.0,66.0
batch2,43.0,64.5
interactive0,0.0,0.0
batch0,44.0,66.0
batch1,44.0,66.0
batch2,43.0,64.5
interactive0,0.0,0.0
batch0,44.0,66.0
batch1,44.0,66.0
batch2,43.0,64.5
interactive0,0.0,0.0
batch0,44.0,66.0
batch1,44.0,66.0
batch2,43.0,64.5
interactive0,0.0,0.0
batch0,44.0,66.0
batch1,44.0,66.0
batch2,43.0,64.5
interactive0,0.0,0.0
batch0,44.0,66.0
batch1,44.0,66.0
batch2,43.0,64.5
interactive0,0.0,0.0
batch0,44.0,66.0
batch1,44.0,66.0
batch2,43.0,64.5
interactive0,0.0,0.0
batch0,44.0,66.0
batch1,44.0,66.0
batch2,43.0,64.5
interactive0,0.0,0.0
batch0,44.0,66.0
batch1,44.0,66.0
batch2,43.0,64.5
interactive0,0.0,0.0
batch0,44.0,66.0
batch1,44.0,66.0
batch2,43.0,64.5
interactive0,0.0,0.0
batch0,44.0,66.0
batch1,44.0,66.0
batch2,43.0,64.5
interactive0,0.0,0.0
batch0,44.0,66.0
batch1,44.0,66.0
batch2,43.0,64.5
interactive0,0.0,0.0
batch0,44.0,66.0
batch1,44.0,66.0
batch2,43.0,64.5
interactive0,0.0,0.0
batch0,44.0,66.0
batch1,44.0,66.0
batch2,43.0,64.5
interactive0,0.0,0.0
batch0,44.0,66.0
batch1,44.0,66.0
batch2,43.0,64.5
interactive0,0.0,0.0
batch0,44.0,66.0
batch1,44.0,66.0
batch2,43.0,64.5
interactive0,0.0,0.0
batch0,44.0,66.0
batch1,44.0,66.0
batch2,43.0,64.5
interactive0,0.0,0.0
batch0,44.0,66.0
batch1,44.0,66.0
batch2,43.0,64.5
interactive0,0.0,0.0
batch0,44.0,66.0
batch1,44.0,66.0
batch2,43.0,64.5
interactive0,0.0,0.0
batch0,44.0,66.0
batch1,44.0,66.0
batch2,43.0,64.5
interactive0,0.0,0.0
batch0,44.0,66.0
batch1,44.0,66.0
batch2,43.0,64.5
interactive0,0.0,0.0
batch0,44.0,66.0
batch1,44.0,66.0
batch2,43.0,64.5
interactive0,0.0,0.0
batch0,44.0,66.0
batch1,44.0,66.0
batch2,43.0,64.5
interactive0,0.0,0.0
batch0,44.0,66.0
batch1,44.0,66.0
batch2,43.0,64.5
interactive0,0.0,0.0
batch0,44.0,66.0
batch1,44.0,66.0
batch2,43.0,64.5
interactive0,0.0,0.0
batch0,44.0,66.0
batch1,44.0,66.0
batch2,43.0,64.5
interactive0,0.0,0.0
batch0,44.0,66.0
batch1,44.0,66.0
batch2,43.0,64.5
interactive0,0.0,0.0
batch0,44.0,66.0
batch1,44.0,66.0
batch2,43.0,64.5
interactive0,0.0,0.0
batch0,44.0,66.0
batch1,44.0,66.0
batch2,43.0,64.5
interactive0,0.0,0.0
batch0,44.0,66.0
batch1,44.0,66.0
batch2,43.0,64.5
interactive0,0.0,0.0
batch0,44.0,66.0
batch1,44.0,66.0
batch2,43.0,64.5
interactive0,0.0,0.0
batch0,44.0,66.0
batch1,44.0,66.0
batch2,43.0,64.5
interactive0,0.0,0.0
batch0,44.0,66.0
batch1,44.0,66.0
batch2,43.0,64.5
interactive0,0.0,0.0
batch0,44.0,66.0
batch1,44.0,66.0
batch2,43.0,64.5
interactive0,0.0,0.0
batch0,44.0,66.0
batch1,44.0,66.0
batch2,43.0,64.5
interactive0,0.0,0.0
batch0,44.0,66.0
batch1,44.0,66.0
batch2,43.0,64.5
interactive0,0.0,0.0
batch0,44.0,66.0
batch1,44.0,66.0
batch2,43.0,64.5
interactive0,0.0,0.0
batch0,44.0,66.0
batch1,44.0,66.0
batch2,43.0,64.5
interactive0,0.0,0.0
batch0,44.0,66.0
batch1,44.0,66.0
batch2,43.0,64.5
interactive0,0.0,0.0
batch0,44.0,66.0
batch1,44.0,66.0
batch2,43.0,64.5
interactive0,0.0,0.0
batch0,44.0,66.0
batch1,44.0,66.0
batch2,43.0,64.5
interactive0,0.0,0.0
batch0,44.0,66.0
batch1,44.0,66.0
batch2,43.0,64.5
interactive0,0.0,0.0
batch0,44.0,66.0
batch1,44.0,66.0
batch2,43.0,64.5
interactive0,0.0,0.0
batch0,44.0,66.0
batch1,44.0,66.0
batch2,43.0,64.5
interactive0,0.0,0.0
batch0,44.0,66.0
batch1,44.0,66.0
batch2,43.0,64.5
interactive0,0.0,0.0
batch0,44.0,66.0
batch1,44.0,66.0
batch2,43.0,64.5
interactive0,0.0,0.0
batch0,44.0,66.0
batch1,44.0,66.0
batch2,43.0,64.5
interactive0,0.0,0.0
batch0,44.0,66.0
batch1,44.0,66.0
batch2,43.0,64.5
interactive0,0.0,0.0
batch0,44.0,66.0
batch1,44.0,66.0
batch2,43.0,64.5
interactive0,0.0,0.0
batch0,44.0,66.0
batch1,44.0,66.0
batch2,43.0,64.5
interactive0,0.0,0.0
batch0,44.0,66.0
batch1,44.0,66.0
batch2,43.0,64.5
interactive0,0.0,0.0
batch0,44.0,66.0
batch1,44.0,66.0
batch2,43.0,64.5
interactive0,0.0,0.0
batch0,44.0,66.0
batch1,44.0,66.0
batch2,43.0,64.5
interactive0,0.0,0.0
batch0,44.0,66.0
batch1,44.0,66.0
batch2,43.0,64.5
interactive0,0.0,0.0
batch0,44.0,66.0
batch1,44.0,66.0
batch2,43.0,64.5
interactive0,0.0,0.0
batch0,44.0,66.0
batch1,44.0,66.0
batch2,43.0,64.5
interactive0,0.0,0.0
batch0,44.0,66.0
batch1,44.0,66.0
batch2,43.0,64.5
interactive0,0.0,0.0
batch0,44.0,66.0
batch1,44.0,66.0
batch2,43.0,64.5
interactive0,0.0,0.0
batch0,44.0,66.0
batch1,44.0,66.0
batch2,43.0,64.5
interactive0,0.0,0.0
batch0,44.0,66.0
batch1,44.0,66.0
batch2,43.0,64.5
interactive0,0.0,0.0
batch0,44.0,66.0
batch1,44.0,66.0
batch2,43.0,64.5
interactive0,0.0,0.0
batch0,44.0,66.0
batch1,44.0,66.0
batch2,43.0,64.5
interactive0,0.0,0.0
batch0,44.0,66.0
batch1,44.0,66.0
batch2,43.0,64.5
interactive0,0.0,0.0
batch0,44.0,66.0
batch1,44.0,66.0
batch2,43.0,64.5
interactive0,0.0,0.0
batch0,44.0,66.0
batch1,44.0,66.0
batch2,43.0,64.5
interactive0,0.0,0.0
batch0,44.0,66.0
batch1,44.0,66.0
batch2,43.0,64.5
interactive0,0.0,0.0
batch0,44.0,66.0
batch1,44.0,66.0
batch2,43.0,64.5
interactive0,0.0,0.0
batch0,44.0,66.0
batch1,44.0,66.0
batch2,43.0,64.5
interactive0,0.0,0.0
batch0,44.0,66.0
batch1,44.0,66.0
batch2,43.0,64.5
interactive0,0.0,0.0
batch0,44.0,66.0
batch1,44.0,66.0
batch2,43.0,64.5
interactive0,0.0,0.0
batch0,44.0,66.0
batch1,44.0,66.0
batch2,43.0,64.5
interactive0,0.0,0.0
batch0,44.0,66.0
batch1,44.0,66.0
batch2,43.0,64.5
interactive0,0.0,0.0
batch0,44.0,66.0
batch1,44.0,66.0
batch2,43.0,64.5
interactive0,0.0,0.0
batch0,44.0,66.0
batch1,44.0,66.0
batch2,43.0,64.5
interactive0,0.0,0.0
batch0,44.0,66.0
batch1,44.0,66.0
batch2,43.0,64.5
interactive0,0.0,0.0
batch0,44.0,66.0
batch1,44.0,66.0
batch2,43.0,64.5
interactive0,0.0,0.0
batch0,44.0,66.0
batch1,44.0,66.0
batch2,43.0,64.5
interactive0,0.0,0.0
batch0,44.0,66.0
batch1,44.0,66.0
batch2,43.0,64.5
interactive0,0.0,0.0
batch0,44.0,66.0
batch1,44.0,66.0
batch2,43.0,64.5
interactive0,0.0,0.0
batch0,44.0,66.0
batch1,44.0,66.0
batch2,43.0,64.5
interactive0,0.0,0.0
batch0,44.0,66.0
batch1,44.0,66.0
batch2,43.0,64.5
interactive0,0.0,0.0
batch0,44.0,66.0
batch1,44.0,66.0
batch2,43.0,64.5
interactive0,0.0,0.0
batch0,44.0,66.0
batch1,44.0,66.0
batch2,43.0,64.5
interactive0,0.0,0.0
batch0,44.0,66.0
batch1,44.0,66.0
batch2,43.0,64.5
interactive0,0.0,0.0
batch0,44.0,66.0
batch1,44.0,66.0
batch2,43.0,64.5
interactive0,0.0,0.0
batch0,44.0,66.0
batch1,44.0,66.0
batch2,43.0,64.5
interactive0,0.0,0.0
batch0,44.0,66.0
batch1,44.0,66.0
batch2,43.0,64.5
interactive0,0.0,0.0
batch0,44.0,66.0
batch1,44.0,66.0
batch2,43.0,64.5
interactive0,0.0,0.0
batch0,44.0,66.0
batch1,44.0,66.0
batch2,43.0,64.5
interactive0,0.0,0.0
batch0,44.0,66.0
batch1,44.0,66.0
batch2,43.0,64.5
interactive0,0.0,0.0
batch0,44.0,66.0
batch1,44.0,66.0
batch2,43.0,64.5
interactive0,0.0,0.0
batch0,44.0,66.0
batch1,44.0,66.0
batch2,43.0,64.5
interactive0,0.0,0.0
batch0,44.0,66.0
batch1,44.0,66.0
batch2,43.0,64.5
interactive0,0.0,0.0
batch0,44.0,66.0
batch1,44.0,66.0
batch2,43.0,64.5
interactive0,0.0,0.0
batch0,44.0,66.0
batch1,44.0,66.0
batch2,43.0,64.5
interactive0,0.0,0.0
batch0,44.0,66.0
batch1,44.0,66.0
batch2,43.0,64.5
interactive0,0.0,0.0
batch0,44.0,66.0
batch1,44.0,66.0
batch2,43.0,64.5
interactive0,0.0,0.0
batch0,44.0,66.0
batch1,44.0,66.0
batch2,43.0,64.5
interactive0,0.0,0.0
batch0,44.0,66.0
batch1,44.0,66.0
batch2,43.0,64.5
interactive0,0.0,0.0
batch0,44.0,66.0
batch1,44.0,66.0
batch2,43.0,64.5
interactive0,0.0,0.0
batch0,44.0,66.0
batch1,44.0,66.0
batch2,43.0,64.5
interactive0,0.0,0.0
batch0,44.0,66.0
batch1,44.0,66.0
batch2,43.0,64.5
interactive0,0.0,0.0
batch0,44.0,66.0
batch1,44.0,66.0
batch2,43.0,64.5
interactive0,0.0,0.0
batch0,44.0,66.0
batch1,44.0,66.0
batch2,43.0,64.5
interactive0,0.0,0.0
batch0,44.0,66.0
batch1,44.0,66.0
batch2,43.0,64.5
interactive0,0.0,0.0
batch0,44.0,66.0
batch1,44.0,66.0
batch2,43.0,64.5
interactive0,0.0,0.0
batch0,44.0,66.0
batch1,44.0,66.0
batch2,43.0,64.5
interactive0,0.0,0.0
batch0,44.0,66.0
batch1,44.0,66.0
batch2,43.0,64.5
interactive0,0.0,0.0
batch0,44.0,66.0
batch1,44.0,66.0
batch2,43.0,64.5
interactive0,0.0,0.0
batch0,44.0,66.0
batch1,44.0,66.0
batch2,43.0,64.5
interactive0,0.0,0.0
batch0,44.0,66.0
batch1,44.0,66.0
batch2,43.0,64.5
interactive0,0.0,0.0
batch0,44.0,66.0
batch1,44.0,66.0
batch2,43.0,64.5
interactive0,0.0,0.0
batch0,44.0,66.0
batch1,44.0,66.0
batch2,43.0,64.5
interactive0,0.0,0.0
batch0,44.0,66.0
batch1,44.0,66.0
batch2,43.0,64.5
interactive0,0.0,0.0
batch0,44.0,66.0
batch1,44.0,66.0
batch2,43.0,64.5
interactive0,0.0,0.0
batch0,44.0,66.0
batch1,44.0,66.0
batch2,43.0,64.5
interactive0,0.0,0.0
batch0,44.0,66.0
batch1,44.0,66.0
batch2,43.0,64.5
interactive0,0.0,0.0
batch0,44.0,66.0
batch1,44.0,66.0
batch2,43.0,64.5
interactive0,0.0,0.0
batch0,44.0,66.0
batch1,44.0,66.0
batch2,43.0,64.5
interactive0,0.0,0.0
batch0,44.0,66.0
batch1,44.0,66.0
batch2,43.0,64.5
interactive0,0.0,0.0
batch0,44.0,66.0
batch1,44.0,66.0
batch2,43.0,64.5
interactive0,0.0,0.0
batch0,44.0,66.0
batch1,44.0,66.0
batch2,43.0,64.5
interactive0,0.0,0.0
batch0,44.0,66.0
batch1,44.0,66.0
batch2,43.0,64.5
interactive0,0.0,0.0
batch0,44.0,66.0
batch1,44.0,66.0
batch2,43.0,64.5
interactive0,0.0,0.0
batch0,44.0,66.0
batch1,44.0,66.0
batch2,43.0,64.5
interactive0,0.0,0.0
batch0,44.0,66.0
batch1,44.0,66.0
batch2,43.0,64.5
interactive0,0.0,0.0
batch0,44.0,66.0
batch1,44.0,66.0
batch2,43.0,64.5
interactive0,0.0,0.0
batch0,44.0,66.0
batch1,44.0,66.0
batch2,43.0,64.5
interactive0,0.0,0.0
batch0,44.0,66.0
batch1,44.0,66.0
batch2,43.0,64.5
interactive0,0.0,0.0
batch0,44.0,66.0
batch1,44.0,66.0
batch2,43.0,64.5
interactive0,0.0,0.0
batch0,44.0,66.0
batch1,44.0,66.0
batch2,43.0,64.5
interactive0,0.0,0.0
batch0,44.0,66.0
batch1,44.0,66.0
batch2,43.0,64.5
interactive0,0.0,0.0
batch0,44.0,66.0
batch1,44.0,66.0
batch2,43.0,64.5
interactive0,0.0,0.0
batch0,44.0,66.0
batch1,44.0,66.0
batch2,43.0,64.5
interactive0,0.0,0.0
batch0,44.0,66.0
batch1,44.0,66.0
batch2,43.0,64.5
interactive0,0.0,0.0
batch0,44.0,66.0
batch1,44.0,66.0
batch2,43.0,64.5
interactive0,0.0,0.0
batch0,44.0,66.0
batch1,44.0,66.0
batch2,43.0,64.5
interactive0,0.0,0.0
batch0,44.0,66.0
batch1,44.0,66.0
batch2,43.0,64.5
interactive0,0.0,0.0
batch0,44.0,66.0
batch1,44.0,66.0
batch2,43.0,64.5
interactive0,0.0,0.0
batch0,44.0,66.0
batch1,44.0,66.0
batch2,43.0,64.5
interactive0,0.0,0.0
batch0,44.0,66.0
batch1,44.0,66.0
batch2,43.0,64.5
interactive0,0.0,0.0
batch0,44.0,66.0
batch1,44.0,66.0
batch2,43.0,64.5
interactive0,0.0,0.0
batch0,44.0,66.0
batch1,44.0,66.0
batch2,43.0,64.5
interactive0,0.0,0.0
batch0,44.0,66.0
batch1,44.0,66.0
batch2,43.0,64.5
interactive0,0.0,0.0
batch0,44.0,66.0
batch1,44.0,66.0
batch2,43.0,64.5
interactive0,0.0,0.0
batch0,44.0,66.0
batch1,44.0,66.0
batch2,43.0,64.5
interactive0,0.0,0.0
batch0,44.0,66.0
batch1,44.0,66.0
batch2,43.0,64.5
interactive0,0.0,0.0
batch0,44.0,66.0
batch1,44.0,66.0
batch2,43.0,64.5
interactive0,0.0,0.0
batch0,44.0,66.0
batch1,44.0,66.0
batch2,43.0,64.5
interactive0,0.0,0.0
batch0,44.0,66.0
batch1,44.0,66.0
batch2,43.0,64.5
interactive0,0.0,0.0
batch0,44.0,66.0
batch1,44.0,66.0
batch2,43.0,64.5
interactive0,0.0,0.0
batch0,44.0,66.0
batch1,44.0,66.0
batch2,43.0,64.5
interactive0,0.0,0.0
batch0,44.0,66.0
batch1,44.0,66.0
batch2,43.0,64.5
interactive0,0.0,0.0
batch0,44.0,66.0
batch1,44.0,66.0
batch2,43.0,64.5
interactive0,0.0,0.0
batch0,44.0,66.0
batch1,44.0,66.0
batch2,43.0,64.5
interactive0,0.0,0.0
batch0,30.0,45.0
batch1,44.0,66.0
batch2,44.0,66.0
interactive0,0.0,0.0
batch0,0.0,0.0
batch1,66.0,99.0
batch2,66.0,99.0
interactive0,0.0,0.0
batch0,0.0,0.0
batch1,6.0,9.0
batch2,66.0,99.0
interactive0,0.0,0.0
batch0,0.0,0.0
batch1,0.0,0.0
batch2,133.0,199.5
interactive0,0.0,0.0
batch0,0.0,0.0
batch1,0.0,0.0
batch2,133.0,199.5
interactive0,0.0,0.0
batch0,0.0,0.0
batch1,0.0,0.0
batch2,64.0,96.0
