batch0,40.65,50.21
bursty0,31.5,49.5
batch0,40.65,50.21
bursty0,31.5,49.5
batch0,40.65,50.21
bursty0,31.5,49.5
batch0,40.84,50.5
bursty0,31.5,49.5
batch0,40.85,50.5
bursty0,31.5,49.5
batch0,40.48,50.36
bursty0,31.5,49.5
batch0,40.48,50.36
bursty0,31.5,49.5
batch0,40.08,50.47
bursty0,31.5,49.5
batch0,54.03,46.19
bursty0,34.23,53.79
batch0,54.03,46.19
bursty0,34.23,53.79
batch0,54.03,46.19
bursty0,34.23,53.79
batch0,54.39,46.08
bursty0,34.23,53.79
batch0,54.69,46.19
bursty0,34.23,53.79
batch0,54.69,46.19
bursty0,34.23,53.79
batch0,46.78,46.09
bursty0,34.23,53.79
batch0,46.78,46.09
bursty0,34.23,53.79
batch0,46.78,46.09
bursty0,34.23,53.79
batch0,46.26,45.91
bursty0,34.23,53.79
batch0,46.22,46.15
bursty0,34.23,53.79
batch0,46.22,46.16
bursty0,34.23,53.79
batch0,51.02,46.16
bursty0,34.23,53.79
batch0,51.02,46.16
bursty0,34.23,53.79
batch0,56.83,43.06
bursty0,36.12,56.76
batch0,58.09,43.24
bursty0,36.12,56.76
batch0,57.68,42.14
bursty0,36.75,57.75
batch0,64.27,50.38
bursty0,31.5,49.5
batch0,48.43,50.31
bursty0,31.5,49.5
batch0,47.99,50.42
bursty0,31.5,49.5
batch0,42.14,50.21
bursty0,31.5,49.5
batch0,42.95,50.41
bursty0,31.5,49.5
batch0,43.15,50.29
bursty0,31.5,49.5
batch0,43.6,50.39
bursty0,31.5,49.5
batch0,43.6,50.39
bursty0,31.5,49.5
batch0,49.84,54.66
bursty0,28.77,45.21
batch0,49.84,54.66
bursty0,28.77,45.21
batch0,53.79,54.58
bursty0,28.77,45.21
batch0,62.44,54.61
bursty0,28.77,45.21
batch0,62.44,54.61
bursty0,28.77,45.21
batch0,62.44,54.61
bursty0,28.77,45.21
batch0,64.48,54.72
bursty0,28.77,45.21
batch0,64.48,54.72
bursty0,28.77,45.21
batch0,64.48,54.72
bursty0,28.77,45.21
batch0,70.1,54.79
bursty0,28.77,45.21
batch0,71.14,54.66
bursty0,28.77,45.21
batch0,70.98,52.62
bursty0,28.77,45.21
batch0,60.9,54.6
bursty0,28.77,45.21
batch0,58.74,54.71
bursty0,28.77,45.21
batch0,53.33,57.67
bursty0,26.88,42.24
batch0,52.75,57.59
bursty0,26.88,42.24
batch0,54.25,58.73
bursty0,26.25,41.25
batch0,85.5,82.48
bursty0,14.5,11.0
batch0,85.5,82.48
bursty0,14.5,11.0
batch0,99.9,92.72
bursty0,0.0,0.0
batch0,100.0,91.78
bursty0,0.0,0.0
batch0,100.0,91.78
bursty0,0.0,0.0
batch0,100.0,91.78
bursty0,0.0,0.0
batch0,99.82,88.26
bursty0,0.0,0.0
batch0,99.88,86.61
bursty0,0.0,0.0
batch0,99.88,79.68
bursty0,0.0,0.0
batch0,99.88,79.68
bursty0,0.0,0.0
batch0,99.88,79.68
bursty0,0.0,0.0
batch0,100.0,88.48
bursty0,0.0,0.0
batch0,95.19,99.86
bursty0,0.0,0.0
batch0,94.47,99.95
bursty0,0.0,0.0
batch0,91.75,99.95
bursty0,0.0,0.0
batch0,91.9,99.82
bursty0,0.0,0.0
batch0,91.9,99.82
bursty0,0.0,0.0
batch0,91.9,99.82
bursty0,0.0,0.0
batch0,91.9,99.82
bursty0,0.0,0.0
batch0,91.9,99.82
bursty0,0.0,0.0
batch0,91.9,99.82
bursty0,0.0,0.0
batch0,93.11,99.92
bursty0,0.0,0.0
batch0,94.93,99.81
bursty0,0.0,0.0
batch0,95.47,99.79
bursty0,0.0,0.0
batch0,94.0,100.0
bursty0,0.0,0.0
batch0,95.36,99.76
bursty0,0.0,0.0
batch0,95.36,99.76
bursty0,0.0,0.0
batch0,95.36,99.76
bursty0,0.0,0.0
batch0,95.36,99.76
bursty0,0.0,0.0
batch0,95.36,99.76
bursty0,0.0,0.0
batch0,96.6,100.0
bursty0,0.0,0.0
batch0,97.52,99.97
bursty0,0.0,0.0
batch0,99.98,87.58
bursty0,0.0,0.0
batch0,99.94,83.55
bursty0,0.0,0.0
batch0,99.94,83.55
bursty0,0.0,0.0
batch0,99.94,83.55
bursty0,0.0,0.0
batch0,99.94,83.55
bursty0,0.0,0.0
batch0,99.95,80.63
bursty0,0.0,0.0
batch0,99.89,79.92
bursty0,0.0,0.0
batch0,99.84,79.87
bursty0,0.0,0.0
batch0,99.84,79.87
bursty0,0.0,0.0
batch0,99.84,79.87
bursty0,0.0,0.0
batch0,99.84,79.49
bursty0,0.0,0.0
batch0,99.94,77.24
bursty0,0.0,0.0
batch0,99.94,77.24
bursty0,0.0,0.0
batch0,99.94,77.24
bursty0,0.0,0.0
batch0,99.94,77.24
bursty0,0.0,0.0
batch0,99.94,77.24
bursty0,0.0,0.0
batch0,99.78,90.51
bursty0,0.0,0.0
batch0,99.88,99.67
bursty0,0.0,0.0
batch0,87.82,99.89
bursty0,0.0,0.0
batch0,87.82,99.89
bursty0,0.0,0.0
batch0,87.26,99.92
bursty0,0.0,0.0
batch0,83.72,99.91
bursty0,0.0,0.0
batch0,82.8,99.92
bursty0,0.0,0.0
batch0,83.65,99.82
bursty0,0.0,0.0
batch0,96.25,99.82
bursty0,0.0,0.0
batch0,99.59,99.93
bursty0,0.0,0.0
batch0,99.56,99.91
bursty0,0.0,0.0
batch0,99.81,85.69
bursty0,0.0,0.0
batch0,99.81,85.69
bursty0,0.0,0.0
batch0,99.91,84.3
bursty0,0.0,0.0
batch0,99.86,82.97
bursty0,0.0,0.0
batch0,99.86,81.78
bursty0,0.0,0.0
batch0,99.77,77.35
bursty0,0.0,0.0
batch0,99.76,71.9
bursty0,0.0,0.0
batch0,99.84,70.14
bursty0,0.0,0.0
batch0,99.81,70.14
bursty0,0.0,0.0
batch0,99.81,70.14
bursty0,0.0,0.0
batch0,99.81,70.14
bursty0,0.0,0.0
batch0,99.81,70.14
bursty0,0.0,0.0
batch0,99.81,70.89
bursty0,0.0,0.0
batch0,99.81,73.79
bursty0,0.0,0.0
batch0,99.98,72.62
bursty0,0.0,0.0
batch0,99.98,72.82
bursty0,0.0,0.0
batch0,99.98,72.97
bursty0,0.0,0.0
batch0,99.98,73.32
bursty0,0.0,0.0
batch0,99.71,75.33
bursty0,0.0,0.0
batch0,99.84,81.74
bursty0,0.0,0.0
batch0,99.81,86.49
bursty0,0.0,0.0
batch0,99.86,92.45
bursty0,0.0,0.0
batch0,98.62,99.94
bursty0,0.0,0.0
batch0,99.9,84.39
bursty0,0.0,0.0
batch0,99.77,73.5
bursty0,0.0,0.0
batch0,99.84,93.91
bursty0,0.0,0.0
batch0,99.92,83.46
bursty0,0.0,0.0
batch0,99.7,83.24
bursty0,0.0,0.0
batch0,99.93,97.15
bursty0,0.0,0.0
batch0,99.71,96.9
bursty0,0.0,0.0
batch0,99.81,97.74
bursty0,0.0,0.0
batch0,99.95,97.74
bursty0,0.0,0.0
batch0,99.77,96.93
bursty0,0.0,0.0
batch0,99.77,96.93
bursty0,0.0,0.0
batch0,99.88,94.26
bursty0,0.0,0.0
batch0,99.92,88.76
bursty0,0.0,0.0
batch0,99.81,84.01
bursty0,0.0,0.0
batch0,99.79,86.37
bursty0,0.0,0.0
batch0,99.74,89.39
bursty0,0.0,0.0
batch0,99.83,95.14
bursty0,0.0,0.0
batch0,99.92,93.05
bursty0,0.0,0.0
batch0,99.8,90.33
bursty0,0.0,0.0
batch0,99.86,86.52
bursty0,0.0,0.0
batch0,100.0,86.36
bursty0,0.0,0.0
batch0,99.72,88.1
bursty0,0.0,0.0
batch0,99.9,92.1
bursty0,0.0,0.0
batch0,99.78,88.51
bursty0,0.0,0.0
batch0,99.78,88.51
bursty0,0.0,0.0
batch0,99.78,88.51
bursty0,0.0,0.0
batch0,99.86,88.56
bursty0,0.0,0.0
batch0,100.0,88.59
bursty0,0.0,0.0
batch0,99.78,88.37
bursty0,0.0,0.0
batch0,99.78,88.37
bursty0,0.0,0.0
batch0,99.98,82.86
bursty0,0.0,0.0
batch0,99.98,82.86
bursty0,0.0,0.0
batch0,99.98,82.86
bursty0,0.0,0.0
batch0,99.98,82.86
bursty0,0.0,0.0
batch0,99.98,82.86
bursty0,0.0,0.0
batch0,99.98,82.86
bursty0,0.0,0.0
batch0,99.98,82.86
bursty0,0.0,0.0
batch0,99.89,83.33
bursty0,0.0,0.0
batch0,99.93,84.07
bursty0,0.0,0.0
batch0,99.88,84.8
bursty0,0.0,0.0
batch0,99.87,88.49
bursty0,0.0,0.0
batch0,99.92,91.44
bursty0,0.0,0.0
batch0,99.82,92.05
bursty0,0.0,0.0
batch0,99.8,85.12
bursty0,0.0,0.0
batch0,99.96,90.08
bursty0,0.0,0.0
batch0,99.96,90.08
bursty0,0.0,0.0
batch0,99.96,90.08
bursty0,0.0,0.0
batch0,99.96,90.08
bursty0,0.0,0.0
batch0,99.96,90.08
bursty0,0.0,0.0
batch0,99.96,90.08
bursty0,0.0,0.0
batch0,99.96,90.08
bursty0,0.0,0.0
batch0,99.96,90.08
bursty0,0.0,0.0
batch0,99.96,90.08
bursty0,0.0,0.0
batch0,99.96,90.08
bursty0,0.0,0.0
batch0,99.96,90.08
bursty0,0.0,0.0
batch0,99.96,90.08
bursty0,0.0,0.0
batch0,99.96,90.08
bursty0,0.0,0.0
batch0,99.96,90.08
bursty0,0.0,0.0
batch0,99.78,81.41
bursty0,0.0,0.0
batch0,99.87,80.05
bursty0,0.0,0.0
batch0,99.82,79.12
bursty0,0.0,0.0
batch0,99.82,79.12
bursty0,0.0,0.0
batch0,99.82,79.12
bursty0,0.0,0.0
batch0,99.82,79.12
bursty0,0.0,0.0
batch0,99.82,79.12
bursty0,0.0,0.0
batch0,99.82,79.12
bursty0,0.0,0.0
batch0,99.82,69.74
bursty0,0.0,0.0
batch0,99.82,69.74
bursty0,0.0,0.0
batch0,99.82,69.74
bursty0,0.0,0.0
batch0,99.82,69.74
bursty0,0.0,0.0
batch0,99.82,69.74
bursty0,0.0,0.0
batch0,99.99,70.08
bursty0,0.0,0.0
batch0,99.92,83.02
bursty0,0.0,0.0
batch0,99.81,83.91
bursty0,0.0,0.0
batch0,99.73,83.15
bursty0,0.0,0.0
batch0,99.73,83.15
bursty0,0.0,0.0
batch0,99.84,82.96
bursty0,0.0,0.0
batch0,99.89,86.98
bursty0,0.0,0.0
batch0,99.89,86.98
bursty0,0.0,0.0
batch0,99.81,87.17
bursty0,0.0,0.0
batch0,99.91,90.06
bursty0,0.0,0.0
batch0,99.93,82.01
bursty0,0.0,0.0
batch0,99.94,82.01
bursty0,0.0,0.0
batch0,99.91,82.01
bursty0,0.0,0.0
batch0,99.81,83.25
bursty0,0.0,0.0
batch0,99.88,70.12
bursty0,0.0,0.0
batch0,99.88,70.12
bursty0,0.0,0.0
batch0,99.88,70.12
bursty0,0.0,0.0
batch0,99.94,77.85
bursty0,0.0,0.0
batch0,99.82,77.85
bursty0,0.0,0.0
batch0,99.82,77.85
bursty0,0.0,0.0
batch0,99.75,98.42
bursty0,0.0,0.0
batch0,97.66,99.92
bursty0,0.0,0.0
batch0,99.97,95.18
bursty0,0.0,0.0
batch0,99.93,99.78
bursty0,0.0,0.0
batch0,80.31,99.81
bursty0,0.0,0.0
batch0,80.21,99.81
bursty0,0.0,0.0
batch0,80.21,99.8
bursty0,0.0,0.0
batch0,80.21,99.8
bursty0,0.0,0.0
batch0,77.63,100.0
bursty0,0.0,0.0
batch0,79.73,99.73
bursty0,0.0,0.0
batch0,87.97,99.81
bursty0,0.0,0.0
batch0,99.96,95.13
bursty0,0.0,0.0
batch0,99.96,95.13
bursty0,0.0,0.0
batch0,99.96,95.13
bursty0,0.0,0.0
batch0,99.74,94.8
bursty0,0.0,0.0
batch0,99.97,94.44
bursty0,0.0,0.0
batch0,99.95,94.44
bursty0,0.0,0.0
batch0,99.95,94.44
bursty0,0.0,0.0
batch0,99.76,94.21
bursty0,0.0,0.0
batch0,99.74,93.33
bursty0,0.0,0.0
batch0,99.9,91.79
bursty0,0.0,0.0
batch0,99.9,76.61
bursty0,0.0,0.0
batch0,99.93,77.21
bursty0,0.0,0.0
batch0,99.98,86.86
bursty0,0.0,0.0
batch0,99.98,86.86
bursty0,0.0,0.0
batch0,99.98,86.86
bursty0,0.0,0.0
batch0,99.98,86.86
bursty0,0.0,0.0
batch0,99.98,86.86
bursty0,0.0,0.0
batch0,99.98,86.86
bursty0,0.0,0.0
batch0,99.98,86.86
bursty0,0.0,0.0
batch0,99.98,86.86
bursty0,0.0,0.0
batch0,99.98,86.86
bursty0,0.0,0.0
batch0,99.98,86.86
bursty0,0.0,0.0
batch0,99.98,86.86
bursty0,0.0,0.0
batch0,99.98,86.86
bursty0,0.0,0.0
batch0,99.82,86.42
bursty0,0.0,0.0
batch0,99.94,86.42
bursty0,0.0,0.0
batch0,99.94,86.42
bursty0,0.0,0.0
batch0,99.88,80.7
bursty0,0.0,0.0
batch0,99.72,82.65
bursty0,0.0,0.0
batch0,99.72,82.65
bursty0,0.0,0.0
batch0,99.78,90.68
bursty0,0.0,0.0
batch0,99.98,92.0
bursty0,0.0,0.0
batch0,99.98,92.0
bursty0,0.0,0.0
batch0,99.99,89.8
bursty0,0.0,0.0
batch0,99.99,89.8
bursty0,0.0,0.0
batch0,99.99,89.8
bursty0,0.0,0.0
batch0,99.76,88.81
bursty0,0.0,0.0
batch0,99.82,75.16
bursty0,0.0,0.0
batch0,99.82,75.16
bursty0,0.0,0.0
batch0,99.87,72.47
bursty0,0.0,0.0
batch0,99.9,71.48
bursty0,0.0,0.0
batch0,99.67,71.31
bursty0,0.0,0.0
batch0,99.83,63.17
bursty0,0.0,0.0
batch0,99.88,61.63
bursty0,0.0,0.0
batch0,99.88,61.63
bursty0,0.0,0.0
batch0,99.88,61.63
bursty0,0.0,0.0
batch0,99.78,58.35
bursty0,0.0,0.0
batch0,99.78,58.35
bursty0,0.0,0.0
batch0,99.74,54.91
bursty0,0.0,0.0
batch0,99.75,79.77
bursty0,0.0,0.0
batch0,99.75,79.77
bursty0,0.0,0.0
batch0,86.03,99.68
bursty0,0.0,0.0
batch0,78.71,99.79
bursty0,0.0,0.0
batch0,76.99,99.86
bursty0,0.0,0.0
batch0,77.19,99.97
bursty0,0.0,0.0
batch0,71.09,99.97
bursty0,0.0,0.0
batch0,71.09,99.97
bursty0,0.0,0.0
batch0,71.09,99.97
bursty0,0.0,0.0
batch0,71.09,99.97
bursty0,0.0,0.0
batch0,83.93,99.97
bursty0,0.0,0.0
batch0,83.93,99.97
bursty0,0.0,0.0
batch0,90.43,99.97
bursty0,0.0,0.0
batch0,90.43,99.97
bursty0,0.0,0.0
batch0,99.76,88.64
bursty0,0.0,0.0
batch0,99.76,88.64
bursty0,0.0,0.0
batch0,99.76,88.64
bursty0,0.0,0.0
batch0,100.0,88.42
bursty0,0.0,0.0
batch0,99.9,87.1
bursty0,0.0,0.0
batch0,99.9,83.8
bursty0,0.0,0.0
batch0,99.78,81.6
bursty0,0.0,0.0
batch0,99.72,81.16
bursty0,0.0,0.0
batch0,99.72,81.16
bursty0,0.0,0.0
batch0,99.72,81.16
bursty0,0.0,0.0
batch0,99.72,81.16
bursty0,0.0,0.0
batch0,99.72,81.16
bursty0,0.0,0.0
batch0,99.72,81.16
bursty0,0.0,0.0
batch0,99.72,81.16
bursty0,0.0,0.0
batch0,99.72,81.16
bursty0,0.0,0.0
batch0,99.72,81.16
bursty0,0.0,0.0
batch0,99.72,81.16
bursty0,0.0,0.0
batch0,95.11,99.97
bursty0,0.0,0.0
batch0,93.75,99.97
bursty0,0.0,0.0
batch0,91.22,99.86
bursty0,0.0,0.0
batch0,89.43,99.97
bursty0,0.0,0.0
batch0,90.71,99.97
bursty0,0.0,0.0
batch0,90.71,99.97
bursty0,0.0,0.0
batch0,90.71,99.97
bursty0,0.0,0.0
batch0,90.8,99.86
bursty0,0.0,0.0
batch0,90.8,99.86
bursty0,0.0,0.0
batch0,90.8,99.86
bursty0,0.0,0.0
batch0,99.84,96.34
bursty0,0.0,0.0
batch0,99.63,91.72
bursty0,0.0,0.0
batch0,99.94,66.86
bursty0,0.0,0.0
batch0,99.65,65.98
bursty0,0.0,0.0
batch0,99.82,64.22
bursty0,0.0,0.0
batch0,99.87,64.0
bursty0,0.0,0.0
batch0,99.7,56.3
bursty0,0.0,0.0
batch0,99.7,56.3
bursty0,0.0,0.0
batch0,99.7,56.3
bursty0,0.0,0.0
batch0,99.81,73.46
bursty0,0.0,0.0
batch0,99.75,75.62
bursty0,0.0,0.0
batch0,99.78,91.47
bursty0,0.0,0.0
batch0,99.78,91.47
bursty0,0.0,0.0
batch0,99.12,99.72
bursty0,0.0,0.0
batch0,99.88,96.46
bursty0,0.0,0.0
batch0,99.93,96.24
bursty0,0.0,0.0
batch0,100.0,96.13
bursty0,0.0,0.0
batch0,99.74,90.63
bursty0,0.0,0.0
batch0,99.88,90.52
bursty0,0.0,0.0
batch0,99.77,90.41
bursty0,0.0,0.0
batch0,99.99,90.63
bursty0,0.0,0.0
batch0,99.82,82.54
bursty0,0.0,0.0
batch0,99.89,71.21
bursty0,0.0,0.0
batch0,99.93,70.61
bursty0,0.0,0.0
batch0,99.86,73.78
bursty0,0.0,0.0
batch0,99.86,73.66
bursty0,0.0,0.0
batch0,94.0,99.98
bursty0,0.0,0.0
batch0,93.36,99.88
bursty0,0.0,0.0
batch0,86.42,99.98
bursty0,0.0,0.0
batch0,73.55,99.79
bursty0,0.0,0.0
batch0,73.44,99.75
bursty0,0.0,0.0
batch0,73.65,99.91
bursty0,0.0,0.0
batch0,73.47,99.84
bursty0,0.0,0.0
batch0,73.46,99.83
bursty0,0.0,0.0
batch0,89.58,99.84
bursty0,0.0,0.0
batch0,90.0,99.84
bursty0,0.0,0.0
batch0,99.89,92.13
bursty0,0.0,0.0
batch0,99.77,90.04
bursty0,0.0,0.0
batch0,99.77,90.04
bursty0,0.0,0.0
batch0,99.87,81.34
bursty0,0.0,0.0
batch0,99.87,81.34
bursty0,0.0,0.0
batch0,99.97,81.1
bursty0,0.0,0.0
batch0,99.82,80.52
bursty0,0.0,0.0
batch0,99.82,80.52
bursty0,0.0,0.0
batch0,99.82,80.52
bursty0,0.0,0.0
batch0,99.82,80.52
bursty0,0.0,0.0
batch0,99.8,76.66
bursty0,0.0,0.0
batch0,99.8,76.66
bursty0,0.0,0.0
batch0,99.8,76.66
bursty0,0.0,0.0
batch0,99.77,75.77
bursty0,0.0,0.0
batch0,99.77,75.81
bursty0,0.0,0.0
batch0,99.97,77.25
bursty0,0.0,0.0
batch0,99.87,79.55
bursty0,0.0,0.0
batch0,99.94,83.68
bursty0,0.0,0.0
batch0,99.96,87.66
bursty0,0.0,0.0
batch0,99.96,88.91
bursty0,0.0,0.0
batch0,96.88,99.83
bursty0,0.0,0.0
batch0,97.06,99.84
bursty0,0.0,0.0
batch0,97.12,99.81
bursty0,0.0,0.0
batch0,97.12,99.81
bursty0,0.0,0.0
batch0,84.89,99.88
bursty0,0.0,0.0
batch0,85.31,99.95
bursty0,0.0,0.0
batch0,99.72,93.92
bursty0,0.0,0.0
batch0,99.72,93.92
bursty0,0.0,0.0
batch0,99.85,93.81
bursty0,0.0,0.0
batch0,99.97,92.39
bursty0,0.0,0.0
batch0,99.87,80.65
bursty0,0.0,0.0
batch0,99.87,80.65
bursty0,0.0,0.0
batch0,99.92,73.93
bursty0,0.0,0.0
batch0,99.79,73.72
bursty0,0.0,0.0
batch0,99.93,73.65
bursty0,0.0,0.0
batch0,99.91,73.65
bursty0,0.0,0.0
batch0,99.91,73.65
bursty0,0.0,0.0
batch0,99.89,73.65
bursty0,0.0,0.0
batch0,99.89,73.65
bursty0,0.0,0.0
batch0,99.72,73.46
bursty0,0.0,0.0
batch0,99.72,73.46
bursty0,0.0,0.0
batch0,99.87,74.99
bursty0,0.0,0.0
batch0,99.92,75.3
bursty0,0.0,0.0
batch0,99.91,79.59
bursty0,0.0,0.0
batch0,99.86,86.24
bursty0,0.0,0.0
batch0,99.82,84.68
bursty0,0.0,0.0
batch0,88.97,99.85
bursty0,0.0,0.0
batch0,79.87,99.99
bursty0,0.0,0.0
batch0,78.75,99.75
bursty0,0.0,0.0
batch0,78.75,99.75
bursty0,0.0,0.0
batch0,78.75,99.75
bursty0,0.0,0.0
batch0,78.75,99.75
bursty0,0.0,0.0
batch0,98.95,99.85
bursty0,0.0,0.0
batch0,94.6,99.78
bursty0,0.0,0.0
batch0,85.19,99.9
bursty0,0.0,0.0
batch0,75.49,99.86
bursty0,0.0,0.0
batch0,75.53,99.96
bursty0,0.0,0.0
batch0,75.26,99.9
bursty0,0.0,0.0
batch0,74.99,99.84
bursty0,0.0,0.0
batch0,71.13,99.87
bursty0,0.0,0.0
batch0,72.66,99.86
bursty0,0.0,0.0
batch0,73.3,99.95
bursty0,0.0,0.0
batch0,83.65,99.84
bursty0,0.0,0.0
batch0,86.32,99.88
bursty0,0.0,0.0
batch0,86.32,99.88
bursty0,0.0,0.0
batch0,86.32,99.88
bursty0,0.0,0.0
batch0,86.83,99.85
bursty0,0.0,0.0
batch0,87.34,99.82
bursty0,0.0,0.0
batch0,96.82,99.97
bursty0,0.0,0.0
batch0,96.82,99.97
bursty0,0.0,0.0
batch0,96.82,99.97
bursty0,0.0,0.0
batch0,96.82,99.97
bursty0,0.0,0.0
batch0,96.82,99.97
bursty0,0.0,0.0
batch0,96.82,99.97
bursty0,0.0,0.0
batch0,99.84,96.89
bursty0,0.0,0.0
batch0,99.96,95.13
bursty0,0.0,0.0
batch0,99.96,95.13
bursty0,0.0,0.0
batch0,99.89,96.67
bursty0,0.0,0.0
batch0,99.78,90.74
bursty0,0.0,0.0
batch0,99.96,91.3
bursty0,0.0,0.0
batch0,94.56,99.85
bursty0,0.0,0.0
batch0,94.31,99.72
bursty0,0.0,0.0
batch0,93.21,99.71
bursty0,0.0,0.0
batch0,76.68,99.98
bursty0,0.0,0.0
batch0,88.15,99.84
bursty0,0.0,0.0
batch0,88.54,99.95
bursty0,0.0,0.0
batch0,93.07,99.95
bursty0,0.0,0.0
batch0,99.88,99.31
bursty0,0.0,0.0
batch0,99.94,99.31
bursty0,0.0,0.0
batch0,97.65,99.9
bursty0,0.0,0.0
batch0,76.2,99.95
bursty0,0.0,0.0
batch0,75.94,99.97
bursty0,0.0,0.0
batch0,77.5,99.85
bursty0,0.0,0.0
batch0,84.55,99.8
bursty0,0.0,0.0
batch0,94.69,99.8
bursty0,0.0,0.0
batch0,99.95,84.14
bursty0,0.0,0.0
batch0,99.95,90.63
bursty0,0.0,0.0
batch0,99.95,90.63
bursty0,0.0,0.0
batch0,75.67,99.97
bursty0,0.0,0.0
batch0,70.88,99.96
bursty0,0.0,0.0
batch0,71.8,99.92
bursty0,0.0,0.0
batch0,71.85,99.92
bursty0,0.0,0.0
batch0,72.37,99.85
bursty0,0.0,0.0
batch0,72.7,99.98
bursty0,0.0,0.0
batch0,69.81,99.97
bursty0,0.0,0.0
batch0,69.85,99.87
bursty0,0.0,0.0
batch0,67.36,99.8
bursty0,0.0,0.0
batch0,64.64,99.7
bursty0,0.0,0.0
batch0,65.66,99.75
bursty0,0.0,0.0
batch0,65.43,99.72
bursty0,0.0,0.0
batch0,72.05,99.7
bursty0,0.0,0.0
batch0,72.06,99.93
bursty0,0.0,0.0
batch0,70.03,99.76
bursty0,0.0,0.0
batch0,70.29,99.98
bursty0,0.0,0.0
batch0,70.26,99.76
bursty0,0.0,0.0
batch0,70.25,99.7
bursty0,0.0,0.0
batch0,70.31,99.94
bursty0,0.0,0.0
batch0,70.29,99.83
bursty0,0.0,0.0
batch0,74.57,99.83
bursty0,0.0,0.0
batch0,74.65,99.83
bursty0,0.0,0.0
batch0,87.15,99.91
bursty0,0.0,0.0
batch0,87.96,99.88
bursty0,0.0,0.0
batch0,92.94,99.82
bursty0,0.0,0.0
batch0,97.92,99.93
bursty0,0.0,0.0
batch0,99.72,95.09
bursty0,0.0,0.0
batch0,99.84,94.87
bursty0,0.0,0.0
batch0,99.84,94.87
bursty0,0.0,0.0
batch0,98.86,99.96
bursty0,0.0,0.0
batch0,95.66,99.88
bursty0,0.0,0.0
batch0,94.65,99.83
bursty0,0.0,0.0
batch0,94.74,99.84
bursty0,0.0,0.0
batch0,94.74,99.84
bursty0,0.0,0.0
batch0,94.74,99.84
bursty0,0.0,0.0
batch0,94.74,99.84
bursty0,0.0,0.0
batch0,94.74,99.84
bursty0,0.0,0.0
batch0,94.74,99.84
bursty0,0.0,0.0
batch0,94.74,99.84
bursty0,0.0,0.0
batch0,96.18,99.84
bursty0,0.0,0.0
batch0,96.18,99.84
bursty0,0.0,0.0
batch0,96.18,99.84
bursty0,0.0,0.0
batch0,96.18,99.84
bursty0,0.0,0.0
batch0,96.18,99.84
bursty0,0.0,0.0
batch0,99.76,88.84
bursty0,0.0,0.0
batch0,99.83,85.15
bursty0,0.0,0.0
batch0,99.74,84.98
bursty0,0.0,0.0
batch0,99.74,84.98
bursty0,0.0,0.0
batch0,99.75,81.39
bursty0,0.0,0.0
batch0,99.84,80.2
bursty0,0.0,0.0
batch0,99.84,80.2
bursty0,0.0,0.0
batch0,99.86,79.8
bursty0,0.0,0.0
batch0,99.76,81.56
bursty0,0.0,0.0
batch0,99.96,82.0
bursty0,0.0,0.0
batch0,99.95,77.91
bursty0,0.0,0.0
batch0,99.8,75.69
bursty0,0.0,0.0
batch0,99.77,80.5
bursty0,0.0,0.0
batch0,99.97,83.17
bursty0,0.0,0.0
batch0,99.8,89.49
bursty0,0.0,0.0
batch0,98.04,99.89
bursty0,0.0,0.0
batch0,97.78,99.78
bursty0,0.0,0.0
batch0,98.18,99.96
bursty0,0.0,0.0
batch0,98.01,99.77
bursty0,0.0,0.0
batch0,95.0,99.92
bursty0,0.0,0.0
batch0,94.97,99.98
bursty0,0.0,0.0
batch0,77.93,99.86
bursty0,0.0,0.0
batch0,78.59,99.8
bursty0,0.0,0.0
batch0,78.59,99.83
bursty0,0.0,0.0
batch0,85.79,100.0
bursty0,0.0,0.0
batch0,85.79,100.0
bursty0,0.0,0.0
batch0,86.62,100.0
bursty0,0.0,0.0
batch0,86.62,100.0
bursty0,0.0,0.0
batch0,86.62,100.0
bursty0,0.0,0.0
batch0,99.82,86.08
bursty0,0.0,0.0
batch0,99.87,84.04
bursty0,0.0,0.0
batch0,99.72,73.12
bursty0,0.0,0.0
batch0,99.72,73.12
bursty0,0.0,0.0
batch0,99.77,76.33
bursty0,0.0,0.0
batch0,99.75,84.66
bursty0,0.0,0.0
batch0,93.23,99.95
bursty0,0.0,0.0
batch0,93.1,99.89
bursty0,0.0,0.0
batch0,93.54,99.96
bursty0,0.0,0.0
batch0,93.89,99.93
bursty0,0.0,0.0
batch0,94.62,99.88
bursty0,0.0,0.0
batch0,94.62,99.88
bursty0,0.0,0.0
batch0,98.12,99.84
bursty0,0.0,0.0
batch0,99.87,98.07
bursty0,0.0,0.0
batch0,99.97,98.05
bursty0,0.0,0.0
batch0,99.99,92.24
bursty0,0.0,0.0
batch0,99.8,82.12
bursty0,0.0,0.0
batch0,99.8,82.12
bursty0,0.0,0.0
batch0,99.8,82.12
bursty0,0.0,0.0
batch0,99.8,82.12
bursty0,0.0,0.0
batch0,99.8,82.12
bursty0,0.0,0.0
batch0,99.8,82.12
bursty0,0.0,0.0
batch0,99.8,82.12
bursty0,0.0,0.0
batch0,99.8,82.12
bursty0,0.0,0.0
batch0,100.0,75.4
bursty0,0.0,0.0
batch0,100.0,75.4
bursty0,0.0,0.0
batch0,100.0,75.4
bursty0,0.0,0.0
batch0,99.89,82.47
bursty0,0.0,0.0
batch0,99.75,84.45
bursty0,0.0,0.0
batch0,99.73,84.23
bursty0,0.0,0.0
batch0,99.89,97.03
bursty0,0.0,0.0
batch0,99.79,96.11
bursty0,0.0,0.0
batch0,99.99,97.75
bursty0,0.0,0.0
batch0,99.99,97.75
bursty0,0.0,0.0
batch0,99.73,86.21
bursty0,0.0,0.0
batch0,99.97,85.49
bursty0,0.0,0.0
batch0,99.91,73.35
bursty0,0.0,0.0
batch0,99.91,73.35
bursty0,0.0,0.0
batch0,99.91,73.35
bursty0,0.0,0.0
batch0,99.91,73.35
bursty0,0.0,0.0
batch0,99.91,73.35
bursty0,0.0,0.0
batch0,99.91,73.35
bursty0,0.0,0.0
batch0,99.91,73.35
bursty0,0.0,0.0
batch0,99.91,73.35
bursty0,0.0,0.0
batch0,99.91,73.35
bursty0,0.0,0.0
batch0,99.91,73.35
bursty0,0.0,0.0
batch0,99.81,73.85
bursty0,0.0,0.0
batch0,99.96,74.06
bursty0,0.0,0.0
batch0,99.91,75.23
bursty0,0.0,0.0
batch0,99.78,78.64
bursty0,0.0,0.0
batch0,99.97,83.69
bursty0,0.0,0.0
batch0,99.97,83.69
bursty0,0.0,0.0
batch0,99.94,81.27
bursty0,0.0,0.0
batch0,99.96,83.57
bursty0,0.0,0.0
batch0,99.96,83.57
bursty0,0.0,0.0
batch0,99.96,83.57
bursty0,0.0,0.0
batch0,99.96,83.57
bursty0,0.0,0.0
batch0,99.96,83.57
bursty0,0.0,0.0
batch0,99.99,97.75
bursty0,0.0,0.0
batch0,99.99,97.75
bursty0,0.0,0.0
batch0,99.99,97.75
bursty0,0.0,0.0
batch0,99.82,96.73
bursty0,0.0,0.0
batch0,99.83,74.19
bursty0,0.0,0.0
batch0,99.99,71.15
bursty0,0.0,0.0
batch0,99.99,71.15
bursty0,0.0,0.0
batch0,99.81,70.27
bursty0,0.0,0.0
batch0,99.81,70.27
bursty0,0.0,0.0
batch0,99.83,69.6
bursty0,0.0,0.0
batch0,99.82,70.7
bursty0,0.0,0.0
batch0,99.81,70.92
bursty0,0.0,0.0
batch0,99.97,71.14
bursty0,0.0,0.0
batch0,99.98,69.82
bursty0,0.0,0.0
batch0,99.99,69.6
bursty0,0.0,0.0
batch0,99.83,69.38
bursty0,0.0,0.0
batch0,99.72,68.94
bursty0,0.0,0.0
batch0,99.72,68.94
bursty0,0.0,0.0
batch0,99.72,68.94
bursty0,0.0,0.0
batch0,99.78,92.27
bursty0,0.0,0.0
batch0,99.86,92.54
bursty0,0.0,0.0
batch0,99.81,92.59
bursty0,0.0,0.0
batch0,99.84,91.93
bursty0,0.0,0.0
batch0,99.62,91.46
bursty0,0.0,0.0
batch0,99.62,91.46
bursty0,0.0,0.0
batch0,99.62,91.46
bursty0,0.0,0.0
batch0,99.62,91.46
bursty0,0.0,0.0
batch0,99.62,91.46
bursty0,0.0,0.0
batch0,99.89,79.79
bursty0,0.0,0.0
batch0,99.89,79.79
bursty0,0.0,0.0
batch0,99.89,79.79
bursty0,0.0,0.0
batch0,99.89,79.79
bursty0,0.0,0.0
batch0,99.89,79.79
bursty0,0.0,0.0
batch0,99.89,79.79
bursty0,0.0,0.0
batch0,99.89,79.79
bursty0,0.0,0.0
batch0,99.7,71.98
bursty0,0.0,0.0
batch0,99.63,70.17
bursty0,0.0,0.0
batch0,99.92,69.46
bursty0,0.0,0.0
batch0,99.92,69.46
bursty0,0.0,0.0
batch0,99.92,69.46
bursty0,0.0,0.0
batch0,99.92,69.46
bursty0,0.0,0.0
batch0,99.92,69.46
bursty0,0.0,0.0
batch0,99.92,69.46
bursty0,0.0,0.0
batch0,99.92,69.46
bursty0,0.0,0.0
batch0,99.81,90.12
bursty0,0.0,0.0
batch0,99.85,95.89
bursty0,0.0,0.0
batch0,99.98,93.17
bursty0,0.0,0.0
batch0,99.99,92.24
bursty0,0.0,0.0
batch0,99.85,81.34
bursty0,0.0,0.0
batch0,99.85,81.34
bursty0,0.0,0.0
batch0,99.85,81.34
bursty0,0.0,0.0
batch0,99.85,81.34
bursty0,0.0,0.0
batch0,99.85,81.34
bursty0,0.0,0.0
batch0,99.85,81.34
bursty0,0.0,0.0
batch0,99.85,81.34
bursty0,0.0,0.0
batch0,99.85,81.34
bursty0,0.0,0.0
batch0,99.85,81.34
bursty0,0.0,0.0
batch0,99.9,82.79
bursty0,0.0,0.0
batch0,99.9,82.79
bursty0,0.0,0.0
batch0,99.82,80.09
bursty0,0.0,0.0
batch0,99.76,75.66
bursty0,0.0,0.0
batch0,99.76,75.66
bursty0,0.0,0.0
batch0,99.97,75.26
bursty0,0.0,0.0
batch0,99.97,75.26
bursty0,0.0,0.0
batch0,99.97,75.26
bursty0,0.0,0.0
batch0,99.97,75.26
bursty0,0.0,0.0
batch0,99.97,75.26
bursty0,0.0,0.0
batch0,99.97,75.26
bursty0,0.0,0.0
batch0,99.97,75.26
bursty0,0.0,0.0
batch0,99.97,75.26
bursty0,0.0,0.0
batch0,99.97,75.26
bursty0,0.0,0.0
batch0,99.97,75.26
bursty0,0.0,0.0
batch0,99.82,77.17
bursty0,0.0,0.0
batch0,99.84,91.63
bursty0,0.0,0.0
batch0,99.94,92.02
bursty0,0.0,0.0
batch0,78.66,99.98
bursty0,0.0,0.0
batch0,78.66,99.98
bursty0,0.0,0.0
batch0,78.52,99.95
bursty0,0.0,0.0
batch0,78.31,99.7
bursty0,0.0,0.0
batch0,78.31,99.7
bursty0,0.0,0.0
batch0,77.68,99.98
bursty0,0.0,0.0
batch0,87.55,99.82
bursty0,0.0,0.0
batch0,87.55,99.82
bursty0,0.0,0.0
batch0,87.55,99.82
bursty0,0.0,0.0
batch0,99.75,99.81
bursty0,0.0,0.0
batch0,99.95,99.47
bursty0,0.0,0.0
batch0,99.95,99.47
bursty0,0.0,0.0
batch0,99.94,84.63
bursty0,0.0,0.0
batch0,99.94,84.63
bursty0,0.0,0.0
batch0,99.65,83.48
bursty0,0.0,0.0
batch0,99.72,99.79
bursty0,0.0,0.0
batch0,98.61,99.86
bursty0,0.0,0.0
batch0,99.38,99.81
bursty0,0.0,0.0
batch0,99.65,99.57
bursty0,0.0,0.0
batch0,99.92,87.53
bursty0,0.0,0.0
batch0,99.92,87.53
bursty0,0.0,0.0
batch0,99.76,82.5
bursty0,0.0,0.0
batch0,99.76,86.13
bursty0,0.0,0.0
batch0,99.74,85.03
bursty0,0.0,0.0
batch0,99.95,87.92
bursty0,0.0,0.0
batch0,99.95,87.92
bursty0,0.0,0.0
batch0,99.97,88.42
bursty0,0.0,0.0
batch0,96.81,99.78
bursty0,0.0,0.0
batch0,89.69,99.99
bursty0,0.0,0.0
batch0,76.42,100.0
bursty0,0.0,0.0
batch0,69.84,99.84
bursty0,0.0,0.0
batch0,79.44,99.86
bursty0,0.0,0.0
batch0,79.83,99.99
bursty0,0.0,0.0
batch0,80.93,99.85
bursty0,0.0,0.0
batch0,70.97,99.99
bursty0,0.0,0.0
batch0,70.63,100.0
bursty0,0.0,0.0
batch0,69.76,99.89
bursty0,0.0,0.0
batch0,69.66,99.89
bursty0,0.0,0.0
batch0,69.66,99.89
bursty0,0.0,0.0
batch0,69.66,99.89
bursty0,0.0,0.0
batch0,69.66,99.89
bursty0,0.0,0.0
batch0,68.89,99.79
bursty0,0.0,0.0
batch0,71.4,99.88
bursty0,0.0,0.0
batch0,71.57,99.96
bursty0,0.0,0.0
batch0,71.57,99.96
bursty0,0.0,0.0
batch0,71.57,99.96
bursty0,0.0,0.0
batch0,75.23,99.94
bursty0,0.0,0.0
batch0,88.94,99.93
bursty0,0.0,0.0
batch0,93.24,99.89
bursty0,0.0,0.0
batch0,93.29,99.87
bursty0,0.0,0.0
batch0,93.34,99.93
bursty0,0.0,0.0
batch0,93.47,99.99
bursty0,0.0,0.0
batch0,93.5,99.97
bursty0,0.0,0.0
batch0,93.5,99.97
bursty0,0.0,0.0
batch0,93.5,99.97
bursty0,0.0,0.0
batch0,92.45,99.97
bursty0,0.0,0.0
batch0,92.45,99.97
bursty0,0.0,0.0
batch0,88.69,99.85
bursty0,0.0,0.0
batch0,88.69,99.85
bursty0,0.0,0.0
batch0,89.15,99.97
bursty0,0.0,0.0
batch0,89.15,99.97
bursty0,0.0,0.0
batch0,88.51,99.96
bursty0,0.0,0.0
batch0,88.44,99.98
bursty0,0.0,0.0
batch0,88.44,99.98
bursty0,0.0,0.0
batch0,88.44,99.98
bursty0,0.0,0.0
batch0,88.44,99.98
bursty0,0.0,0.0
batch0,88.44,99.98
bursty0,0.0,0.0
batch0,88.44,99.98
bursty0,0.0,0.0
batch0,88.44,99.98
bursty0,0.0,0.0
batch0,88.44,99.98
bursty0,0.0,0.0
batch0,88.44,99.98
bursty0,0.0,0.0
batch0,88.44,99.98
bursty0,0.0,0.0
batch0,88.44,99.98
bursty0,0.0,0.0
batch0,88.44,99.98
bursty0,0.0,0.0
batch0,88.44,99.98
bursty0,0.0,0.0
batch0,88.44,99.98
bursty0,0.0,0.0
batch0,93.64,99.98
bursty0,0.0,0.0
batch0,93.64,99.98
bursty0,0.0,0.0
batch0,93.64,99.98
bursty0,0.0,0.0
batch0,86.82,99.81
bursty0,0.0,0.0
batch0,86.82,99.81
bursty0,0.0,0.0
batch0,86.82,99.81
bursty0,0.0,0.0
batch0,93.95,99.92
bursty0,0.0,0.0
batch0,93.95,99.92
bursty0,0.0,0.0
batch0,93.95,99.92
bursty0,0.0,0.0
batch0,99.77,97.8
bursty0,0.0,0.0
batch0,99.73,97.1
bursty0,0.0,0.0
batch0,99.85,90.69
bursty0,0.0,0.0
batch0,99.38,99.98
bursty0,0.0,0.0
batch0,98.92,99.87
bursty0,0.0,0.0
batch0,86.44,99.97
bursty0,0.0,0.0
batch0,86.22,99.97
bursty0,0.0,0.0
batch0,86.22,99.97
bursty0,0.0,0.0
batch0,86.47,99.86
bursty0,0.0,0.0
batch0,94.4,99.84
bursty0,0.0,0.0
batch0,91.93,99.69
bursty0,0.0,0.0
batch0,87.13,99.76
bursty0,0.0,0.0
batch0,86.62,99.76
bursty0,0.0,0.0
batch0,86.62,99.76
bursty0,0.0,0.0
batch0,86.58,99.86
bursty0,0.0,0.0
batch0,86.08,99.96
bursty0,0.0,0.0
batch0,85.61,99.83
bursty0,0.0,0.0
batch0,85.61,99.83
bursty0,0.0,0.0
batch0,85.61,99.83
bursty0,0.0,0.0
batch0,77.58,99.97
bursty0,0.0,0.0
batch0,77.58,99.97
bursty0,0.0,0.0
batch0,77.64,99.97
bursty0,0.0,0.0
batch0,77.66,99.97
bursty0,0.0,0.0
batch0,74.06,99.95
bursty0,0.0,0.0
batch0,74.52,99.97
bursty0,0.0,0.0
batch0,74.61,99.97
bursty0,0.0,0.0
batch0,74.75,99.97
bursty0,0.0,0.0
batch0,75.14,99.86
bursty0,0.0,0.0
batch0,75.0,100.0
bursty0,0.0,0.0
batch0,73.07,99.9
bursty0,0.0,0.0
batch0,73.9,99.9
bursty0,0.0,0.0
batch0,75.63,99.93
bursty0,0.0,0.0
batch0,74.83,99.92
bursty0,0.0,0.0
batch0,75.5,99.94
bursty0,0.0,0.0
batch0,76.28,99.83
bursty0,0.0,0.0
batch0,82.03,99.92
bursty0,0.0,0.0
batch0,81.19,99.81
bursty0,0.0,0.0
batch0,81.19,99.81
bursty0,0.0,0.0
batch0,80.74,99.81
bursty0,0.0,0.0
batch0,80.74,99.81
bursty0,0.0,0.0
batch0,80.81,99.92
bursty0,0.0,0.0
batch0,80.81,99.92
bursty0,0.0,0.0
batch0,80.81,99.92
bursty0,0.0,0.0
batch0,80.62,99.69
bursty0,0.0,0.0
batch0,80.62,99.69
bursty0,0.0,0.0
batch0,80.26,99.97
bursty0,0.0,0.0
batch0,83.52,99.93
bursty0,0.0,0.0
batch0,85.79,99.82
bursty0,0.0,0.0
batch0,86.15,99.93
bursty0,0.0,0.0
batch0,95.46,99.82
bursty0,0.0,0.0
batch0,95.46,99.82
bursty0,0.0,0.0
batch0,95.16,99.6
bursty0,0.21,0.33
batch0,69.06,80.46
bursty0,12.39,19.47
batch0,61.26,72.86
bursty0,17.22,27.06
batch0,61.26,72.86
bursty0,17.22,27.06
batch0,61.26,72.86
bursty0,17.22,27.06
batch0,61.26,72.86
bursty0,17.22,27.06
batch0,61.26,72.86
bursty0,17.22,27.06
batch0,61.26,72.86
bursty0,17.22,27.06
batch0,61.26,72.86
bursty0,17.22,27.06
batch0,61.26,72.86
bursty0,17.22,27.06
batch0,61.26,72.86
bursty0,17.22,27.06
batch0,61.26,72.86
bursty0,17.22,27.06
batch0,61.26,72.86
bursty0,17.22,27.06
batch0,61.26,72.86
bursty0,17.22,27.06
batch0,61.26,72.86
bursty0,17.22,27.06
batch0,55.63,65.23
bursty0,22.05,34.65
batch0,55.33,65.01
bursty0,22.26,34.98
batch0,55.33,65.01
bursty0,22.26,34.98
batch0,55.33,65.01
bursty0,22.26,34.98
batch0,55.33,65.01
bursty0,22.26,34.98
batch0,49.73,57.41
bursty0,27.09,42.57
batch0,49.73,57.41
bursty0,27.09,42.57
batch0,49.73,57.41
bursty0,27.09,42.57
batch0,49.73,57.41
bursty0,27.09,42.57
batch0,49.73,57.41
bursty0,27.09,42.57
batch0,49.73,57.41
bursty0,27.09,42.57
batch0,49.73,57.41
bursty0,27.09,42.57
batch0,49.73,57.41
bursty0,27.09,42.57
batch0,49.73,57.41
bursty0,27.09,42.57
batch0,49.73,57.41
bursty0,27.09,42.57
batch0,49.73,57.41
bursty0,27.09,42.57
batch0,49.73,57.41
bursty0,27.09,42.57
batch0,49.73,57.41
bursty0,27.09,42.57
batch0,49.73,57.41
bursty0,27.09,42.57
batch0,49.73,57.41
bursty0,27.09,42.57
batch0,49.73,57.41
bursty0,27.09,42.57
batch0,49.73,57.41
bursty0,27.09,42.57
batch0,49.73,57.41
bursty0,27.09,42.57
batch0,49.73,57.41
bursty0,27.09,42.57
batch0,49.73,57.41
bursty0,27.09,42.57
batch0,49.73,57.41
bursty0,27.09,42.57
batch0,49.73,57.41
bursty0,27.09,42.57
batch0,49.73,57.41
bursty0,27.09,42.57
batch0,49.73,57.41
bursty0,27.09,42.57
batch0,49.73,57.41
bursty0,27.09,42.57
batch0,49.73,57.41
bursty0,27.09,42.57
batch0,49.73,57.41
bursty0,27.09,42.57
batch0,49.73,57.41
bursty0,27.09,42.57
batch0,49.73,57.41
bursty0,27.09,42.57
batch0,49.73,57.41
bursty0,27.09,42.57
batch0,49.73,57.41
bursty0,27.09,42.57
batch0,63.14,62.98
bursty0,23.52,36.96
batch0,79.96,70.56
bursty0,18.69,29.37
batch0,80.24,70.56
bursty0,18.69,29.37
batch0,80.06,70.46
bursty0,18.69,29.37
batch0,81.16,69.67
bursty0,18.69,29.37
batch0,81.16,69.67
bursty0,18.69,29.37
batch0,81.26,70.18
bursty0,18.69,29.37
batch0,77.81,70.52
bursty0,18.69,29.37
batch0,77.81,70.52
bursty0,18.69,29.37
batch0,78.3,70.51
bursty0,18.69,29.37
batch0,81.04,69.57
bursty0,18.69,29.37
batch0,81.27,69.51
bursty0,18.69,29.37
batch0,81.07,67.75
bursty0,18.69,29.37
batch0,81.19,65.99
bursty0,18.69,29.37
batch0,86.07,72.37
bursty0,13.86,21.78
batch0,86.23,73.25
bursty0,13.65,21.45
batch0,75.26,78.55
bursty0,13.65,21.45
batch0,74.53,78.38
bursty0,13.65,21.45
batch0,80.34,78.45
bursty0,13.65,21.45
batch0,90.96,85.82
bursty0,8.82,13.86
batch0,91.16,84.56
bursty0,8.82,13.86
batch0,91.06,83.5
bursty0,8.82,13.86
batch0,91.0,82.08
bursty0,8.82,13.86
batch0,91.0,82.08
bursty0,8.82,13.86
batch0,91.14,82.3
bursty0,8.61,13.53
batch0,85.44,78.12
bursty0,14.5,11.0
batch0,85.47,77.61
bursty0,14.5,11.0
batch0,99.82,86.19
bursty0,0.0,0.0
batch0,99.98,75.63
bursty0,0.0,0.0
batch0,99.98,75.63
bursty0,0.0,0.0
batch0,99.76,75.22
bursty0,0.0,0.0
batch0,99.84,73.46
bursty0,0.0,0.0
batch0,99.98,73.46
bursty0,0.0,0.0
batch0,100.0,80.28
bursty0,0.0,0.0
batch0,99.98,84.46
bursty0,0.0,0.0
batch0,100.0,84.68
bursty0,0.0,0.0
batch0,99.74,71.26
bursty0,0.0,0.0
batch0,99.96,73.6
bursty0,0.0,0.0
batch0,99.96,73.6
bursty0,0.0,0.0
batch0,99.74,96.78
bursty0,0.0,0.0
batch0,99.74,96.78
bursty0,0.0,0.0
batch0,99.88,96.2
bursty0,0.0,0.0
batch0,99.88,96.2
bursty0,0.0,0.0
batch0,96.18,99.87
bursty0,0.0,0.0
batch0,96.18,99.87
bursty0,0.0,0.0
batch0,77.64,99.88
bursty0,0.0,0.0
batch0,75.47,99.98
bursty0,0.0,0.0
batch0,75.46,99.93
bursty0,0.0,0.0
batch0,75.46,99.93
bursty0,0.0,0.0
batch0,75.32,99.85
bursty0,0.0,0.0
batch0,73.25,99.86
bursty0,0.0,0.0
batch0,69.03,99.95
bursty0,0.0,0.0
batch0,69.18,99.96
bursty0,0.0,0.0
batch0,69.18,99.96
bursty0,0.0,0.0
batch0,69.18,99.96
bursty0,0.0,0.0
batch0,79.41,99.81
bursty0,0.0,0.0
batch0,80.25,99.99
bursty0,0.0,0.0
batch0,86.54,99.82
bursty0,0.0,0.0
batch0,86.33,99.69
bursty0,0.0,0.0
batch0,86.37,99.69
bursty0,0.0,0.0
batch0,87.06,99.83
bursty0,0.0,0.0
batch0,87.1,99.83
bursty0,0.0,0.0
batch0,87.36,99.96
bursty0,0.0,0.0
batch0,86.69,99.96
bursty0,0.0,0.0
batch0,86.49,99.96
bursty0,0.0,0.0
batch0,86.37,99.96
bursty0,0.0,0.0
batch0,79.85,99.93
bursty0,0.0,0.0
batch0,78.23,99.82
bursty0,0.0,0.0
batch0,77.6,99.93
bursty0,0.0,0.0
batch0,80.45,99.83
bursty0,0.0,0.0
batch0,80.51,99.83
bursty0,0.0,0.0
batch0,80.41,99.88
bursty0,0.0,0.0
batch0,80.4,99.89
bursty0,0.0,0.0
batch0,80.4,99.89
bursty0,0.0,0.0
batch0,79.77,99.97
bursty0,0.0,0.0
batch0,78.61,99.87
bursty0,0.0,0.0
batch0,78.37,99.93
bursty0,0.0,0.0
batch0,78.84,99.89
bursty0,0.0,0.0
batch0,78.84,99.89
bursty0,0.0,0.0
batch0,79.74,99.96
bursty0,0.0,0.0
batch0,84.0,99.98
bursty0,0.0,0.0
batch0,84.18,100.0
bursty0,0.0,0.0
batch0,84.18,100.0
bursty0,0.0,0.0
batch0,84.18,100.0
bursty0,0.0,0.0
batch0,84.76,99.96
bursty0,0.0,0.0
batch0,86.6,99.76
bursty0,0.0,0.0
batch0,86.63,99.79
bursty0,0.0,0.0
batch0,86.63,99.79
bursty0,0.0,0.0
batch0,86.69,99.81
bursty0,0.0,0.0
batch0,86.69,99.81
bursty0,0.0,0.0
batch0,92.25,99.82
bursty0,0.0,0.0
batch0,92.25,99.82
bursty0,0.0,0.0
batch0,92.25,99.82
bursty0,0.0,0.0
batch0,92.6,99.9
bursty0,0.0,0.0
batch0,92.6,99.9
bursty0,0.0,0.0
batch0,92.6,99.9
bursty0,0.0,0.0
batch0,93.7,99.83
bursty0,0.0,0.0
batch0,93.7,99.83
bursty0,0.0,0.0
batch0,94.32,99.91
bursty0,0.0,0.0
batch0,94.76,99.91
bursty0,0.0,0.0
batch0,94.86,99.87
bursty0,0.0,0.0
batch0,94.9,99.87
bursty0,0.0,0.0
batch0,93.79,99.87
bursty0,0.0,0.0
batch0,97.06,99.92
bursty0,0.0,0.0
batch0,91.22,99.87
bursty0,0.0,0.0
batch0,89.66,99.7
bursty0,0.0,0.0
batch0,90.43,99.81
bursty0,0.0,0.0
batch0,91.17,99.97
bursty0,0.0,0.0
batch0,91.23,99.86
bursty0,0.0,0.0
batch0,95.03,100.0
bursty0,0.0,0.0
batch0,94.56,99.91
bursty0,0.0,0.0
batch0,94.61,99.94
bursty0,0.0,0.0
batch0,94.08,99.93
bursty0,0.0,0.0
batch0,97.03,99.95
bursty0,0.0,0.0
batch0,99.92,98.24
bursty0,0.0,0.0
batch0,99.74,92.3
bursty0,0.0,0.0
batch0,99.74,92.3
bursty0,0.0,0.0
batch0,99.74,92.3
bursty0,0.0,0.0
batch0,99.86,90.54
bursty0,0.0,0.0
batch0,99.98,88.34
bursty0,0.0,0.0
batch0,99.76,88.12
bursty0,0.0,0.0
batch0,99.86,87.9
bursty0,0.0,0.0
batch0,99.94,87.02
bursty0,0.0,0.0
batch0,99.84,85.48
bursty0,0.0,0.0
batch0,99.88,89.66
bursty0,0.0,0.0
batch0,99.93,93.4
bursty0,0.0,0.0
batch0,99.93,93.4
bursty0,0.0,0.0
batch0,99.93,93.4
bursty0,0.0,0.0
batch0,99.93,93.4
bursty0,0.0,0.0
batch0,99.78,99.01
bursty0,0.0,0.0
batch0,99.95,94.83
bursty0,0.0,0.0
batch0,99.94,94.61
bursty0,0.0,0.0
batch0,100.0,94.41
bursty0,0.0,0.0
batch0,99.79,94.35
bursty0,0.0,0.0
batch0,99.7,87.83
bursty0,0.0,0.0
batch0,99.7,87.83
bursty0,0.0,0.0
batch0,99.85,91.02
bursty0,0.0,0.0
batch0,99.93,79.78
bursty0,0.0,0.0
batch0,99.89,76.17
bursty0,0.0,0.0
batch0,99.8,74.16
bursty0,0.0,0.0
batch0,99.96,78.91
bursty0,0.0,0.0
batch0,99.75,78.28
bursty0,0.0,0.0
batch0,99.9,78.33
bursty0,0.0,0.0
batch0,99.9,78.33
bursty0,0.0,0.0
batch0,99.79,78.29
bursty0,0.0,0.0
batch0,99.79,78.29
bursty0,0.0,0.0
batch0,99.82,78.33
bursty0,0.0,0.0
batch0,99.82,78.33
bursty0,0.0,0.0
batch0,99.82,78.33
bursty0,0.0,0.0
batch0,99.82,78.33
bursty0,0.0,0.0
batch0,99.82,78.33
bursty0,0.0,0.0
batch0,99.84,76.35
bursty0,0.0,0.0
batch0,99.86,76.35
bursty0,0.0,0.0
batch0,99.78,79.43
bursty0,0.0,0.0
batch0,99.9,86.91
bursty0,0.0,0.0
batch0,99.84,86.91
bursty0,0.0,0.0
batch0,99.86,83.17
bursty0,0.0,0.0
batch0,99.96,91.31
bursty0,0.0,0.0
batch0,99.94,91.08
bursty0,0.0,0.0
batch0,99.86,98.26
bursty0,0.0,0.0
batch0,99.86,98.26
bursty0,0.0,0.0
batch0,99.96,96.47
bursty0,0.0,0.0
batch0,99.9,95.78
bursty0,0.0,0.0
batch0,99.78,73.92
bursty0,0.0,0.0
batch0,99.96,72.12
bursty0,0.0,0.0
batch0,99.82,67.88
bursty0,0.0,0.0
batch0,99.82,67.88
bursty0,0.0,0.0
batch0,99.82,67.88
bursty0,0.0,0.0
batch0,99.82,67.88
bursty0,0.0,0.0
batch0,99.82,67.88
bursty0,0.0,0.0
batch0,99.82,67.88
bursty0,0.0,0.0
batch0,99.82,67.88
bursty0,0.0,0.0
batch0,98.71,99.87
bursty0,0.0,0.0
batch0,98.71,99.87
bursty0,0.0,0.0
batch0,89.18,99.89
bursty0,0.0,0.0
batch0,95.02,99.8
bursty0,0.0,0.0
batch0,95.02,99.8
bursty0,0.0,0.0
batch0,96.34,99.91
bursty0,0.0,0.0
batch0,96.34,99.91
bursty0,0.0,0.0
batch0,96.34,99.91
bursty0,0.0,0.0
batch0,99.94,69.76
bursty0,0.0,0.0
batch0,99.94,69.76
bursty0,0.0,0.0
batch0,99.99,55.59
bursty0,0.0,0.0
batch0,99.99,55.59
bursty0,0.0,0.0
batch0,99.99,55.59
bursty0,0.0,0.0
batch0,99.99,55.59
bursty0,0.0,0.0
batch0,99.99,55.59
bursty0,0.0,0.0
batch0,99.99,59.07
bursty0,0.0,0.0
batch0,99.88,82.94
bursty0,0.0,0.0
batch0,94.77,99.78
bursty0,0.0,0.0
batch0,88.48,99.98
bursty0,0.0,0.0
batch0,88.96,99.87
bursty0,0.0,0.0
batch0,89.43,99.96
bursty0,0.0,0.0
batch0,92.98,99.89
bursty0,0.0,0.0
batch0,99.96,91.66
bursty0,0.0,0.0
batch0,99.96,91.66
bursty0,0.0,0.0
batch0,99.92,87.81
bursty0,0.0,0.0
batch0,99.92,87.81
bursty0,0.0,0.0
batch0,99.75,85.81
bursty0,0.0,0.0
batch0,99.97,78.23
bursty0,0.0,0.0
batch0,99.97,78.23
bursty0,0.0,0.0
batch0,99.97,78.23
bursty0,0.0,0.0
batch0,99.89,77.57
bursty0,0.0,0.0
batch0,99.81,80.13
bursty0,0.0,0.0
batch0,99.81,79.91
bursty0,0.0,0.0
batch0,99.85,78.37
bursty0,0.0,0.0
batch0,99.85,78.37
bursty0,0.0,0.0
batch0,99.79,78.12
bursty0,0.0,0.0
batch0,99.79,78.12
bursty0,0.0,0.0
batch0,99.79,78.12
bursty0,0.0,0.0
batch0,99.79,78.12
bursty0,0.0,0.0
batch0,99.79,78.12
bursty0,0.0,0.0
batch0,99.79,78.12
bursty0,0.0,0.0
batch0,99.79,78.12
bursty0,0.0,0.0
batch0,99.79,78.12
bursty0,0.0,0.0
batch0,99.79,78.12
bursty0,0.0,0.0
batch0,99.79,78.12
bursty0,0.0,0.0
batch0,99.79,78.12
bursty0,0.0,0.0
batch0,99.79,78.12
bursty0,0.0,0.0
batch0,99.79,78.12
bursty0,0.0,0.0
batch0,99.79,78.12
bursty0,0.0,0.0
batch0,99.79,78.12
bursty0,0.0,0.0
batch0,99.9,78.11
bursty0,0.0,0.0
batch0,99.8,78.77
bursty0,0.0,0.0
batch0,99.8,79.25
bursty0,0.0,0.0
batch0,99.95,79.5
bursty0,0.0,0.0
batch0,99.95,81.1
bursty0,0.0,0.0
batch0,99.88,85.37
bursty0,0.0,0.0
batch0,99.88,85.37
bursty0,0.0,0.0
batch0,99.88,85.37
bursty0,0.0,0.0
batch0,99.96,93.89
bursty0,0.0,0.0
batch0,99.91,97.5
bursty0,0.0,0.0
batch0,99.81,97.4
bursty0,0.0,0.0
batch0,99.88,97.45
bursty0,0.0,0.0
batch0,99.88,97.45
bursty0,0.0,0.0
batch0,99.88,97.45
bursty0,0.0,0.0
batch0,99.88,97.45
bursty0,0.0,0.0
batch0,99.88,97.45
bursty0,0.0,0.0
batch0,99.99,97.04
bursty0,0.0,0.0
batch0,99.76,96.81
bursty0,0.0,0.0
batch0,99.76,96.81
bursty0,0.0,0.0
batch0,99.76,96.81
bursty0,0.0,0.0
batch0,99.76,96.81
bursty0,0.0,0.0
batch0,99.76,96.81
bursty0,0.0,0.0
batch0,99.76,96.81
bursty0,0.0,0.0
batch0,99.76,96.81
bursty0,0.0,0.0
batch0,99.35,100.0
bursty0,0.0,0.0
batch0,99.84,93.66
bursty0,0.0,0.0
batch0,99.75,84.08
bursty0,0.0,0.0
batch0,99.75,84.08
bursty0,0.0,0.0
batch0,99.75,84.08
bursty0,0.0,0.0
batch0,99.75,84.08
bursty0,0.0,0.0
batch0,99.75,84.08
bursty0,0.0,0.0
batch0,99.75,84.08
bursty0,0.0,0.0
batch0,99.8,81.45
bursty0,0.0,0.0
batch0,99.76,76.82
bursty0,0.0,0.0
batch0,99.76,76.82
bursty0,0.0,0.0
batch0,99.76,76.82
bursty0,0.0,0.0
batch0,99.76,76.82
bursty0,0.0,0.0
batch0,99.76,76.82
bursty0,0.0,0.0
batch0,99.76,76.82
bursty0,0.0,0.0
batch0,99.76,76.82
bursty0,0.0,0.0
batch0,99.76,76.82
bursty0,0.0,0.0
batch0,99.76,76.82
bursty0,0.0,0.0
batch0,99.76,76.82
bursty0,0.0,0.0
batch0,99.86,77.44
bursty0,0.0,0.0
batch0,99.76,78.38
bursty0,0.0,0.0
batch0,99.81,78.81
bursty0,0.0,0.0
batch0,99.89,83.89
bursty0,0.0,0.0
batch0,99.98,85.84
bursty0,0.0,0.0
batch0,99.98,85.84
bursty0,0.0,0.0
batch0,99.88,77.42
bursty0,0.0,0.0
batch0,99.86,80.16
bursty0,0.0,0.0
batch0,99.86,80.16
bursty0,0.0,0.0
batch0,99.86,80.16
bursty0,0.0,0.0
batch0,99.86,80.16
bursty0,0.0,0.0
batch0,99.86,80.16
bursty0,0.0,0.0
batch0,99.86,80.16
bursty0,0.0,0.0
batch0,99.86,80.16
bursty0,0.0,0.0
batch0,99.86,80.16
bursty0,0.0,0.0
batch0,99.86,80.16
bursty0,0.0,0.0
batch0,99.86,80.16
bursty0,0.0,0.0
batch0,99.86,80.16
bursty0,0.0,0.0
batch0,99.86,80.16
bursty0,0.0,0.0
batch0,99.86,80.16
bursty0,0.0,0.0
batch0,99.86,80.16
bursty0,0.0,0.0
batch0,99.86,80.16
bursty0,0.0,0.0
batch0,99.86,97.8
bursty0,0.0,0.0
batch0,99.86,97.8
bursty0,0.0,0.0
batch0,99.79,79.02
bursty0,0.0,0.0
batch0,99.87,73.34
bursty0,0.0,0.0
batch0,99.81,73.12
bursty0,0.0,0.0
batch0,99.81,73.12
bursty0,0.0,0.0
batch0,99.81,73.12
bursty0,0.0,0.0
batch0,99.81,73.12
bursty0,0.0,0.0
batch0,99.81,73.12
bursty0,0.0,0.0
batch0,99.81,73.12
bursty0,0.0,0.0
batch0,99.81,73.12
bursty0,0.0,0.0
batch0,99.81,73.12
bursty0,0.0,0.0
batch0,99.81,73.12
bursty0,0.0,0.0
batch0,99.81,73.12
bursty0,0.0,0.0
batch0,99.81,73.12
bursty0,0.0,0.0
batch0,99.81,75.88
bursty0,0.0,0.0
batch0,99.94,91.12
bursty0,0.0,0.0
batch0,99.95,91.77
bursty0,0.0,0.0
batch0,99.89,91.22
bursty0,0.0,0.0
batch0,99.73,90.89
bursty0,0.0,0.0
batch0,99.87,90.81
bursty0,0.0,0.0
batch0,99.87,90.81
bursty0,0.0,0.0
batch0,99.87,90.81
bursty0,0.0,0.0
batch0,99.93,94.95
bursty0,0.0,0.0
batch0,99.75,93.6
bursty0,0.0,0.0
batch0,99.75,93.6
bursty0,0.0,0.0
batch0,99.82,93.76
bursty0,0.0,0.0
batch0,99.82,93.76
bursty0,0.0,0.0
batch0,99.98,73.53
bursty0,0.0,0.0
batch0,99.74,72.76
bursty0,0.0,0.0
batch0,99.74,72.76
bursty0,0.0,0.0
batch0,99.8,76.78
bursty0,0.0,0.0
batch0,99.8,76.78
bursty0,0.0,0.0
batch0,99.8,76.78
bursty0,0.0,0.0
batch0,95.87,99.78
bursty0,0.0,0.0
batch0,95.77,99.89
bursty0,0.0,0.0
batch0,82.48,100.0
bursty0,0.0,0.0
batch0,79.89,99.85
bursty0,0.0,0.0
batch0,80.75,99.94
bursty0,0.0,0.0
batch0,80.67,99.92
bursty0,0.0,0.0
batch0,84.15,99.92
bursty0,0.0,0.0
batch0,84.57,99.83
bursty0,0.0,0.0
batch0,86.04,99.97
bursty0,0.0,0.0
batch0,87.64,99.88
bursty0,0.0,0.0
batch0,87.79,99.93
bursty0,0.0,0.0
batch0,87.79,99.93
bursty0,0.0,0.0
batch0,97.19,99.98
bursty0,0.0,0.0
batch0,99.7,99.88
bursty0,0.0,0.0
batch0,99.66,100.0
bursty0,0.0,0.0
batch0,80.62,99.8
bursty0,0.0,0.0
batch0,80.62,99.8
bursty0,0.0,0.0
batch0,79.31,99.97
bursty0,0.0,0.0
batch0,80.07,99.96
bursty0,0.0,0.0
batch0,80.07,99.96
bursty0,0.0,0.0
batch0,80.06,99.86
bursty0,0.0,0.0
batch0,82.46,99.96
bursty0,0.0,0.0
batch0,83.42,99.78
bursty0,0.0,0.0
batch0,88.43,99.99
bursty0,0.0,0.0
batch0,85.4,99.76
bursty0,0.0,0.0
batch0,85.3,99.72
bursty0,0.0,0.0
batch0,81.73,99.8
bursty0,0.0,0.0
batch0,86.86,99.9
bursty0,0.0,0.0
batch0,86.86,99.9
bursty0,0.0,0.0
batch0,86.92,99.79
bursty0,0.0,0.0
batch0,87.29,99.9
bursty0,0.0,0.0
batch0,87.29,99.9
bursty0,0.0,0.0
batch0,90.94,99.91
bursty0,0.0,0.0
batch0,99.38,99.81
bursty0,0.0,0.0
batch0,99.98,93.25
bursty0,0.0,0.0
batch0,99.98,93.25
bursty0,0.0,0.0
batch0,99.98,93.25
bursty0,0.0,0.0
batch0,99.98,93.25
bursty0,0.0,0.0
batch0,99.98,93.25
bursty0,0.0,0.0
batch0,99.98,93.25
bursty0,0.0,0.0
batch0,99.98,93.25
bursty0,0.0,0.0
batch0,99.85,93.91
bursty0,0.0,0.0
batch0,99.84,88.07
bursty0,0.0,0.0
batch0,99.89,89.38
bursty0,0.0,0.0
batch0,99.91,89.34
bursty0,0.0,0.0
batch0,99.91,89.34
bursty0,0.0,0.0
batch0,99.91,89.34
bursty0,0.0,0.0
batch0,99.86,84.86
bursty0,0.0,0.0
batch0,99.85,82.51
bursty0,0.0,0.0
batch0,99.94,81.72
bursty0,0.0,0.0
batch0,99.99,76.59
bursty0,0.0,0.0
batch0,99.84,75.38
bursty0,0.0,0.0
batch0,99.94,75.24
bursty0,0.0,0.0
batch0,99.96,76.38
bursty0,0.0,0.0
batch0,99.81,76.37
bursty0,0.0,0.0
batch0,99.91,76.11
bursty0,0.0,0.0
batch0,99.86,76.85
bursty0,0.0,0.0
batch0,99.86,76.85
bursty0,0.0,0.0
batch0,99.97,77.01
bursty0,0.0,0.0
batch0,99.95,77.01
bursty0,0.0,0.0
batch0,99.95,77.01
bursty0,0.0,0.0
batch0,99.75,78.55
bursty0,0.0,0.0
batch0,99.84,82.07
bursty0,0.0,0.0
batch0,99.8,96.66
bursty0,0.0,0.0
batch0,99.9,98.64
bursty0,0.0,0.0
batch0,99.93,98.28
bursty0,0.0,0.0
batch0,99.98,98.27
bursty0,0.0,0.0
batch0,99.93,98.62
bursty0,0.0,0.0
batch0,100.0,98.6
bursty0,0.0,0.0
batch0,100.0,98.6
bursty0,0.0,0.0
batch0,100.0,98.6
bursty0,0.0,0.0
batch0,99.74,95.95
bursty0,0.0,0.0
batch0,99.74,99.31
bursty0,0.0,0.0
batch0,99.9,98.35
bursty0,0.0,0.0
batch0,96.23,99.81
bursty0,0.0,0.0
batch0,94.19,99.81
bursty0,0.0,0.0
batch0,94.19,99.81
bursty0,0.0,0.0
batch0,94.19,99.81
bursty0,0.0,0.0
batch0,96.65,99.75
bursty0,0.0,0.0
batch0,99.08,99.78
bursty0,0.0,0.0
batch0,99.08,99.78
bursty0,0.0,0.0
batch0,99.78,91.66
bursty0,0.0,0.0
batch0,99.92,77.66
bursty0,0.0,0.0
batch0,99.96,75.9
bursty0,0.0,0.0
batch0,99.85,84.63
bursty0,0.0,0.0
batch0,93.85,99.94
bursty0,0.0,0.0
batch0,91.69,99.84
bursty0,0.0,0.0
batch0,88.89,99.9
bursty0,0.0,0.0
batch0,89.68,99.98
bursty0,0.0,0.0
batch0,89.68,99.98
bursty0,0.0,0.0
batch0,89.61,99.99
bursty0,0.0,0.0
batch0,89.61,99.99
bursty0,0.0,0.0
batch0,89.61,99.99
bursty0,0.0,0.0
batch0,89.61,99.99
bursty0,0.0,0.0
batch0,89.61,99.99
bursty0,0.0,0.0
batch0,89.61,99.99
bursty0,0.0,0.0
batch0,89.61,99.99
bursty0,0.0,0.0
batch0,89.61,99.99
bursty0,0.0,0.0
batch0,93.55,99.78
bursty0,0.0,0.0
batch0,96.87,99.97
bursty0,0.0,0.0
batch0,96.87,99.93
bursty0,0.0,0.0
batch0,97.01,100.0
bursty0,0.0,0.0
batch0,97.17,99.9
bursty0,0.0,0.0
batch0,97.77,99.84
bursty0,0.0,0.0
batch0,98.01,99.9
bursty0,0.0,0.0
batch0,98.01,99.9
bursty0,0.0,0.0
batch0,95.47,99.84
bursty0,0.0,0.0
batch0,95.47,99.84
bursty0,0.0,0.0
batch0,95.47,99.84
bursty0,0.0,0.0
batch0,89.09,99.69
bursty0,0.0,0.0
batch0,88.83,99.7
bursty0,0.0,0.0
batch0,88.6,99.93
bursty0,0.0,0.0
batch0,87.32,99.91
bursty0,0.0,0.0
batch0,84.11,100.0
bursty0,0.0,0.0
batch0,83.1,99.86
bursty0,0.0,0.0
batch0,81.59,99.87
bursty0,0.0,0.0
batch0,84.89,99.85
bursty0,0.0,0.0
batch0,84.95,99.89
bursty0,0.0,0.0
batch0,84.95,99.89
bursty0,0.0,0.0
batch0,84.95,99.89
bursty0,0.0,0.0
batch0,84.95,99.89
bursty0,0.0,0.0
batch0,84.95,99.89
bursty0,0.0,0.0
batch0,84.95,99.89
bursty0,0.0,0.0
batch0,84.95,99.89
bursty0,0.0,0.0
batch0,84.74,99.89
bursty0,0.0,0.0
batch0,87.82,99.83
bursty0,0.0,0.0
batch0,87.68,99.72
bursty0,0.0,0.0
batch0,87.68,99.72
bursty0,0.0,0.0
batch0,87.81,99.99
bursty0,0.0,0.0
batch0,89.29,99.91
bursty0,0.0,0.0
batch0,89.4,99.91
bursty0,0.0,0.0
batch0,86.1,99.8
bursty0,0.0,0.0
batch0,85.57,99.83
bursty0,0.0,0.0
batch0,85.51,99.8
bursty0,0.0,0.0
batch0,85.51,99.8
bursty0,0.0,0.0
batch0,82.27,99.95
bursty0,0.0,0.0
batch0,77.16,99.8
bursty0,0.0,0.0
batch0,86.24,99.89
bursty0,0.0,0.0
batch0,89.7,99.93
bursty0,0.0,0.0
batch0,90.25,99.89
bursty0,0.0,0.0
batch0,90.25,99.89
bursty0,0.0,0.0
batch0,92.7,100.0
bursty0,0.0,0.0
batch0,96.7,99.84
bursty0,0.0,0.0
batch0,97.15,99.87
bursty0,0.0,0.0
batch0,90.08,99.85
bursty0,0.0,0.0
batch0,93.08,99.92
bursty0,0.0,0.0
batch0,93.05,99.94
bursty0,0.0,0.0
batch0,93.05,99.94
bursty0,0.0,0.0
batch0,93.04,99.96
bursty0,0.0,0.0
batch0,93.04,99.96
bursty0,0.0,0.0
batch0,93.04,99.96
bursty0,0.0,0.0
batch0,93.04,99.96
bursty0,0.0,0.0
batch0,93.04,99.96
bursty0,0.0,0.0
batch0,93.04,99.96
bursty0,0.0,0.0
batch0,93.04,99.96
bursty0,0.0,0.0
batch0,93.04,99.96
bursty0,0.0,0.0
batch0,88.63,99.96
bursty0,0.0,0.0
batch0,88.56,99.96
bursty0,0.0,0.0
batch0,89.53,99.85
bursty0,0.0,0.0
batch0,89.46,99.85
bursty0,0.0,0.0
batch0,89.51,99.9
bursty0,0.0,0.0
batch0,89.51,99.9
bursty0,0.0,0.0
batch0,89.51,99.9
bursty0,0.0,0.0
batch0,89.51,99.9
bursty0,0.0,0.0
batch0,89.51,99.96
bursty0,0.0,0.0
batch0,89.51,99.96
bursty0,0.0,0.0
batch0,89.0,99.89
bursty0,0.0,0.0
batch0,93.36,99.99
bursty0,0.0,0.0
batch0,93.9,99.99
bursty0,0.0,0.0
batch0,98.09,99.99
bursty0,0.0,0.0
batch0,93.3,99.98
bursty0,0.0,0.0
batch0,90.8,99.74
bursty0,0.0,0.0
batch0,91.04,99.71
bursty0,0.0,0.0
batch0,100.0,99.75
bursty0,0.0,0.0
batch0,92.5,99.78
bursty0,0.0,0.0
batch0,91.72,99.75
bursty0,0.0,0.0
batch0,92.59,99.73
bursty0,0.0,0.0
batch0,94.17,99.74
bursty0,0.0,0.0
batch0,95.64,99.82
bursty0,0.0,0.0
batch0,95.62,99.82
bursty0,0.0,0.0
batch0,96.2,99.69
bursty0,0.0,0.0
batch0,96.21,99.79
bursty0,0.0,0.0
batch0,96.21,99.79
bursty0,0.0,0.0
batch0,94.76,99.92
bursty0,0.0,0.0
batch0,96.08,99.92
bursty0,0.0,0.0
batch0,96.24,99.97
bursty0,0.0,0.0
batch0,96.22,99.91
bursty0,0.0,0.0
batch0,96.22,99.91
bursty0,0.0,0.0
batch0,96.38,99.96
bursty0,0.0,0.0
batch0,96.38,99.96
bursty0,0.0,0.0
batch0,97.08,99.96
bursty0,0.0,0.0
batch0,99.92,98.94
bursty0,0.0,0.0
batch0,99.92,98.94
bursty0,0.0,0.0
batch0,100.0,98.85
bursty0,0.0,0.0
batch0,99.94,98.71
bursty0,0.0,0.0
batch0,99.94,98.71
bursty0,0.0,0.0
batch0,99.94,98.71
bursty0,0.0,0.0
batch0,99.94,98.71
bursty0,0.0,0.0
batch0,99.94,98.71
bursty0,0.0,0.0
batch0,99.94,98.71
bursty0,0.0,0.0
batch0,99.94,98.71
bursty0,0.0,0.0
batch0,99.94,98.71
bursty0,0.0,0.0
batch0,99.94,98.71
bursty0,0.0,0.0
batch0,99.96,98.71
bursty0,0.0,0.0
batch0,99.3,99.94
bursty0,0.0,0.0
batch0,98.92,99.7
bursty0,0.0,0.0
batch0,97.64,99.78
bursty0,0.0,0.0
batch0,97.64,99.78
bursty0,0.0,0.0
batch0,97.48,99.73
bursty0,0.0,0.0
batch0,97.48,99.73
bursty0,0.0,0.0
batch0,97.04,99.72
bursty0,0.0,0.0
batch0,93.88,99.88
bursty0,0.0,0.0
batch0,93.96,99.99
bursty0,0.0,0.0
batch0,94.07,99.85
bursty0,0.0,0.0
batch0,95.38,99.96
bursty0,0.0,0.0
batch0,95.69,99.87
bursty0,0.0,0.0
batch0,95.95,99.92
bursty0,0.0,0.0
batch0,96.2,99.97
bursty0,0.0,0.0
batch0,96.99,99.98
bursty0,0.0,0.0
batch0,99.8,97.54
bursty0,0.0,0.0
batch0,99.87,96.56
bursty0,0.0,0.0
batch0,99.87,96.56
bursty0,0.0,0.0
batch0,99.87,94.91
bursty0,0.0,0.0
batch0,99.87,94.91
bursty0,0.0,0.0
batch0,99.87,97.01
bursty0,0.0,0.0
batch0,96.62,99.94
bursty0,0.0,0.0
batch0,92.97,98.47
bursty0,0.0,0.0
batch0,92.97,98.47
bursty0,0.0,0.0
batch0,92.97,98.5
bursty0,0.0,0.0
batch0,95.23,99.92
bursty0,0.0,0.0
batch0,95.23,99.92
bursty0,0.0,0.0
batch0,95.29,99.81
bursty0,0.0,0.0
batch0,95.29,99.81
bursty0,0.0,0.0
batch0,97.33,99.85
bursty0,0.0,0.0
batch0,99.85,99.08
bursty0,0.0,0.0
batch0,99.83,92.94
bursty0,0.0,0.0
batch0,99.94,91.04
bursty0,0.0,0.0
batch0,99.86,92.16
bursty0,0.0,0.0
batch0,99.8,89.19
bursty0,0.0,0.0
batch0,99.92,88.86
bursty0,0.0,0.0
batch0,99.98,84.26
bursty0,0.0,0.0
batch0,99.98,84.25
bursty0,0.0,0.0
batch0,99.98,84.25
bursty0,0.0,0.0
batch0,99.98,84.25
bursty0,0.0,0.0
batch0,99.98,84.25
bursty0,0.0,0.0
batch0,99.98,84.25
bursty0,0.0,0.0
batch0,99.98,84.25
bursty0,0.0,0.0
batch0,99.98,84.25
bursty0,0.0,0.0
batch0,99.98,84.25
bursty0,0.0,0.0
batch0,99.98,84.25
bursty0,0.0,0.0
batch0,86.02,74.13
bursty0,0.0,0.0
batch0,71.32,63.35
bursty0,0.0,0.0
batch0,71.31,63.34
bursty0,0.0,0.0
batch0,99.88,84.99
bursty0,0.0,0.0
batch0,99.88,84.99
bursty0,0.0,0.0
batch0,99.88,84.99
bursty0,0.0,0.0
batch0,99.88,84.99
bursty0,0.0,0.0
batch0,99.81,85.56
bursty0,0.0,0.0
batch0,99.81,91.58
bursty0,0.0,0.0
batch0,100.0,84.9
bursty0,0.0,0.0
batch0,100.0,84.9
bursty0,0.0,0.0
batch0,100.0,84.9
bursty0,0.0,0.0
batch0,100.0,84.9
bursty0,0.0,0.0
batch0,100.0,84.9
bursty0,0.0,0.0
batch0,100.0,84.9
bursty0,0.0,0.0
batch0,100.0,84.9
bursty0,0.0,0.0
batch0,100.0,84.9
bursty0,0.0,0.0
batch0,100.0,84.9
bursty0,0.0,0.0
batch0,100.0,84.9
bursty0,0.0,0.0
batch0,100.0,84.9
bursty0,0.0,0.0
batch0,100.0,84.9
bursty0,0.0,0.0
batch0,100.0,84.9
bursty0,0.0,0.0
batch0,100.0,84.9
bursty0,0.0,0.0
batch0,100.0,84.9
bursty0,0.0,0.0
batch0,98.2,83.58
bursty0,0.0,0.0
batch0,98.2,83.58
bursty0,0.0,0.0
batch0,61.3,56.52
bursty0,0.0,0.0
batch0,99.76,89.3
bursty0,0.0,0.0
batch0,99.76,89.3
bursty0,0.0,0.0
batch0,99.76,89.3
bursty0,0.0,0.0
batch0,99.76,89.3
bursty0,0.0,0.0
batch0,99.76,89.3
bursty0,0.0,0.0
batch0,88.06,79.4
bursty0,0.0,0.0
batch0,99.8,95.58
bursty0,0.0,0.0
batch0,99.8,95.58
bursty0,0.0,0.0
batch0,99.8,95.58
bursty0,0.0,0.0
batch0,99.8,95.58
bursty0,0.0,0.0
batch0,99.8,95.58
bursty0,0.0,0.0
batch0,99.8,95.58
bursty0,0.0,0.0
batch0,99.8,95.58
bursty0,0.0,0.0
batch0,99.8,95.58
bursty0,0.0,0.0
batch0,99.8,95.58
bursty0,0.0,0.0
batch0,99.8,95.58
bursty0,0.0,0.0
batch0,78.52,74.3
bursty0,0.0,0.0
batch0,78.52,74.3
bursty0,0.0,0.0
batch0,59.2,54.98
bursty0,0.0,0.0
batch0,59.2,54.98
bursty0,0.0,0.0
batch0,59.2,54.98
bursty0,0.0,0.0
batch0,59.2,54.98
bursty0,0.0,0.0
batch0,49.75,41.96
bursty0,0.0,0.0
batch0,49.75,41.96
bursty0,0.0,0.0
batch0,49.75,41.96
bursty0,0.0,0.0
batch0,49.18,41.01
bursty0,0.0,0.0
batch0,43.77,35.77
bursty0,0.0,0.0
batch0,43.77,35.77
bursty0,0.0,0.0
batch0,43.77,35.77
bursty0,0.0,0.0
batch0,43.3,35.36
bursty0,0.0,0.0
batch0,43.3,35.36
bursty0,0.0,0.0
batch0,43.3,35.36
bursty0,0.0,0.0
batch0,43.3,35.36
bursty0,0.0,0.0
batch0,43.3,35.36
bursty0,0.0,0.0
batch0,43.3,35.36
bursty0,0.0,0.0
batch0,43.3,35.36
bursty0,0.0,0.0
batch0,43.3,35.36
bursty0,0.0,0.0
batch0,43.3,35.36
bursty0,0.0,0.0
batch0,43.3,35.36
bursty0,0.0,0.0
batch0,43.3,35.36
bursty0,0.0,0.0
batch0,43.3,35.36
bursty0,0.0,0.0
batch0,43.3,35.36
bursty0,0.0,0.0
batch0,43.3,35.36
bursty0,0.0,0.0
batch0,43.3,35.36
bursty0,0.0,0.0
batch0,43.3,35.36
bursty0,0.0,0.0
batch0,43.3,35.36
bursty0,0.0,0.0
batch0,43.3,35.36
bursty0,0.0,0.0
batch0,25.36,22.25
bursty0,0.0,0.0
batch0,36.58,37.88
bursty0,0.0,0.0
batch0,36.58,37.88
bursty0,0.0,0.0
batch0,36.58,37.88
bursty0,0.0,0.0
batch0,36.58,37.88
bursty0,0.0,0.0
batch0,36.58,37.88
bursty0,0.0,0.0
batch0,36.58,37.88
bursty0,0.0,0.0
batch0,36.58,37.88
bursty0,0.0,0.0
batch0,36.58,37.88
bursty0,0.0,0.0
batch0,36.58,37.88
bursty0,0.0,0.0
batch0,36.58,37.88
bursty0,0.0,0.0
batch0,36.58,37.88
bursty0,0.0,0.0
batch0,36.58,37.88
bursty0,0.0,0.0
batch0,36.58,37.88
bursty0,0.0,0.0
batch0,36.58,37.88
bursty0,0.0,0.0
batch0,36.58,37.88
bursty0,0.0,0.0
batch0,36.58,37.88
bursty0,0.0,0.0
batch0,36.58,37.88
bursty0,0.0,0.0
batch0,36.58,37.88
bursty0,0.0,0.0
batch0,36.58,37.88
bursty0,0.0,0.0
batch0,36.58,37.88
bursty0,0.0,0.0
batch0,36.58,37.88
bursty0,0.0,0.0
batch0,36.58,37.88
bursty0,0.0,0.0
batch0,36.58,37.88
bursty0,0.0,0.0
batch0,36.58,37.88
bursty0,0.0,0.0
batch0,36.58,37.88
bursty0,0.0,0.0
batch0,36.58,37.88
bursty0,0.0,0.0
batch0,34.77,35.26
bursty0,0.0,0.0
batch0,34.77,35.26
bursty0,0.0,0.0
batch0,34.54,35.0
bursty0,0.0,0.0
batch0,34.54,35.0
bursty0,0.0,0.0
batch0,34.54,35.0
bursty0,0.0,0.0
batch0,34.54,35.0
bursty0,0.0,0.0
batch0,34.54,35.0
bursty0,0.0,0.0
batch0,34.54,35.0
bursty0,0.0,0.0
batch0,34.54,35.0
bursty0,0.0,0.0
batch0,34.54,35.0
bursty0,0.0,0.0
batch0,34.54,35.0
bursty0,0.0,0.0
batch0,34.54,35.0
bursty0,0.0,0.0
batch0,34.54,35.0
bursty0,0.0,0.0
batch0,33.71,34.15
bursty0,0.0,0.0
batch0,33.71,34.15
bursty0,0.0,0.0
batch0,24.26,21.13
bursty0,0.0,0.0
batch0,24.26,21.13
bursty0,0.0,0.0
batch0,24.26,21.13
bursty0,0.0,0.0
batch0,23.06,21.97
bursty0,0.0,0.0
batch0,17.65,16.73
bursty0,0.0,0.0
batch0,17.65,16.73
bursty0,0.0,0.0
batch0,17.65,16.73
bursty0,0.0,0.0
batch0,17.39,16.51
bursty0,0.0,0.0
batch0,17.39,16.51
bursty0,0.0,0.0
batch0,17.39,16.51
bursty0,0.0,0.0
batch0,17.39,16.51
bursty0,0.0,0.0
batch0,17.39,16.51
bursty0,0.0,0.0
batch0,17.39,16.51
bursty0,0.0,0.0
batch0,17.39,16.51
bursty0,0.0,0.0
batch0,17.39,16.51
bursty0,0.0,0.0
batch0,17.39,16.51
bursty0,0.0,0.0
batch0,17.39,16.51
bursty0,0.0,0.0
batch0,17.39,16.51
bursty0,0.0,0.0
batch0,17.39,16.51
bursty0,0.0,0.0
batch0,17.39,16.51
bursty0,0.0,0.0
batch0,17.39,16.51
bursty0,0.0,0.0
batch0,17.39,16.51
bursty0,0.0,0.0
batch0,17.39,16.51
bursty0,0.0,0.0
batch0,17.39,16.51
bursty0,0.0,0.0
batch0,17.39,16.51
bursty0,0.0,0.0
batch0,17.39,16.51
bursty0,0.0,0.0
batch0,17.39,16.51
bursty0,0.0,0.0
batch0,17.39,16.51
bursty0,0.0,0.0
batch0,14.3,12.33
bursty0,0.0,0.0
batch0,11.6,10.63
bursty0,0.0,0.0
batch0,13.1,13.17
bursty0,0.0,0.0
batch0,13.07,13.17
bursty0,0.0,0.0
batch0,13.07,13.17
bursty0,0.0,0.0
batch0,12.79,12.95
bursty0,0.0,0.0
batch0,12.79,12.95
bursty0,0.0,0.0
batch0,12.79,12.95
bursty0,0.0,0.0
batch0,12.79,12.95
bursty0,0.0,0.0
batch0,12.79,12.95
bursty0,0.0,0.0
batch0,12.6,12.72
bursty0,0.0,0.0
batch0,12.6,12.72
bursty0,0.0,0.0
batch0,12.6,12.72
bursty0,0.0,0.0
batch0,10.79,10.1
bursty0,0.0,0.0
batch0,10.79,10.1
bursty0,0.0,0.0
batch0,10.56,9.84
bursty0,0.0,0.0
batch0,10.56,9.84
bursty0,0.0,0.0
batch0,10.56,9.84
bursty0,0.0,0.0
batch0,10.56,9.84
bursty0,0.0,0.0
batch0,10.56,9.84
bursty0,0.0,0.0
batch0,10.56,9.84
bursty0,0.0,0.0
batch0,10.56,9.84
bursty0,0.0,0.0
batch0,10.56,9.84
bursty0,0.0,0.0
batch0,10.56,9.84
bursty0,0.0,0.0
batch0,10.56,9.84
bursty0,0.0,0.0
batch0,10.56,9.84
bursty0,0.0,0.0
batch0,10.56,9.84
bursty0,0.0,0.0
batch0,10.56,9.84
bursty0,0.0,0.0
batch0,10.56,9.84
bursty0,0.0,0.0
batch0,10.56,9.84
bursty0,0.0,0.0
batch0,10.56,9.84
bursty0,0.0,0.0
batch0,10.56,9.84
bursty0,0.0,0.0
batch0,10.56,9.84
bursty0,0.0,0.0
batch0,10.56,9.84
bursty0,0.0,0.0
batch0,10.56,9.84
bursty0,57.33,90.09
batch0,10.56,9.84
bursty0,57.33,90.09
batch0,10.56,9.84
bursty0,57.33,90.09
batch0,10.56,9.84
bursty0,57.33,90.09
batch0,10.56,9.84
bursty0,57.33,90.09
batch0,10.56,9.84
bursty0,57.33,90.09
batch0,10.56,9.84
bursty0,57.33,90.09
batch0,10.56,9.84
bursty0,57.33,90.09
batch0,10.56,9.84
bursty0,57.33,90.09
batch0,10.56,9.84
bursty0,57.33,90.09
batch0,10.56,9.84
bursty0,57.33,90.09
batch0,10.56,9.84
bursty0,57.33,90.09
batch0,10.56,9.84
bursty0,57.33,90.09
batch0,10.56,9.84
bursty0,57.33,90.09
batch0,10.56,9.84
bursty0,57.33,90.09
batch0,10.56,9.84
bursty0,57.33,90.09
batch0,10.56,9.84
bursty0,57.33,90.09
batch0,10.56,9.84
bursty0,57.33,90.09
batch0,10.56,9.84
bursty0,57.33,90.09
batch0,10.56,9.84
bursty0,57.33,90.09
batch0,10.56,9.84
bursty0,57.33,90.09
batch0,10.56,9.84
bursty0,57.33,90.09
batch0,10.56,9.84
bursty0,57.33,90.09
batch0,10.56,9.84
bursty0,57.33,90.09
batch0,10.56,9.84
bursty0,57.33,90.09
batch0,10.56,9.84
bursty0,5.67,8.91
batch0,10.56,9.84
bursty0,5.67,8.91
batch0,10.56,9.84
bursty0,5.67,8.91
batch0,10.56,9.84
bursty0,5.67,8.91
batch0,10.56,9.84
bursty0,5.67,8.91
batch0,10.56,9.84
bursty0,5.67,8.91
batch0,10.56,9.84
bursty0,5.67,8.91
batch0,10.56,9.84
bursty0,5.67,8.91
batch0,10.56,9.84
bursty0,5.67,8.91
batch0,10.56,9.84
bursty0,5.67,8.91
batch0,10.56,9.84
bursty0,5.67,8.91
batch0,10.56,9.84
bursty0,5.67,8.91
batch0,10.56,9.84
bursty0,5.67,8.91
batch0,10.56,9.84
bursty0,5.67,8.91
batch0,10.56,9.84
bursty0,5.67,8.91
batch0,10.56,9.84
bursty0,5.67,8.91
batch0,10.56,9.84
bursty0,5.67,8.91
batch0,10.56,9.84
bursty0,5.67,8.91
batch0,10.56,9.84
bursty0,5.67,8.91
batch0,10.56,9.84
bursty0,5.67,8.91
batch0,10.56,9.84
bursty0,5.67,8.91
batch0,10.56,9.84
bursty0,5.67,8.91
batch0,10.56,9.84
bursty0,5.67,8.91
batch0,10.56,9.84
bursty0,5.67,8.91
batch0,10.56,9.84
bursty0,5.67,8.91
batch0,10.56,9.84
bursty0,14.5,11.0
batch0,10.56,9.84
bursty0,14.5,11.0
batch0,10.56,9.84
bursty0,0.0,0.0
batch0,10.56,9.84
bursty0,0.0,0.0
batch0,10.56,9.84
bursty0,0.0,0.0
batch0,10.56,9.84
bursty0,0.0,0.0
batch0,10.56,9.84
bursty0,0.0,0.0
batch0,10.56,9.84
bursty0,0.0,0.0
batch0,10.56,9.84
bursty0,0.0,0.0
batch0,10.56,9.84
bursty0,0.0,0.0
batch0,10.56,9.84
bursty0,0.0,0.0
batch0,10.56,9.84
bursty0,0.0,0.0
batch0,10.56,9.84
bursty0,0.0,0.0
batch0,10.56,9.84
bursty0,0.0,0.0
batch0,10.56,9.84
bursty0,0.0,0.0
batch0,10.56,9.84
bursty0,0.0,0.0
batch0,10.56,9.84
bursty0,0.0,0.0
batch0,10.56,9.84
bursty0,0.0,0.0
batch0,10.56,9.84
bursty0,0.0,0.0
batch0,10.56,9.84
bursty0,0.0,0.0
batch0,10.56,9.84
bursty0,0.0,0.0
batch0,10.56,9.84
bursty0,0.0,0.0
batch0,10.56,9.84
bursty0,0.0,0.0
batch0,10.56,9.84
bursty0,0.0,0.0
batch0,10.56,9.84
bursty0,0.0,0.0
batch0,10.56,9.84
bursty0,0.0,0.0
batch0,10.56,9.84
bursty0,0.0,0.0
batch0,10.56,9.84
bursty0,0.0,0.0
batch0,10.56,9.84
bursty0,0.0,0.0
batch0,10.56,9.84
bursty0,0.0,0.0
batch0,10.56,9.84
bursty0,0.0,0.0
batch0,10.56,9.84
bursty0,0.0,0.0
batch0,10.56,9.84
bursty0,0.0,0.0
batch0,10.56,9.84
bursty0,0.0,0.0
batch0,10.56,9.84
bursty0,0.0,0.0
batch0,10.56,9.84
bursty0,0.0,0.0
batch0,10.56,9.84
bursty0,0.0,0.0
batch0,10.56,9.84
bursty0,0.0,0.0
batch0,10.56,9.84
bursty0,0.0,0.0
batch0,10.56,9.84
bursty0,0.0,0.0
batch0,10.56,9.84
bursty0,0.0,0.0
batch0,10.56,9.84
bursty0,0.0,0.0
batch0,10.56,9.84
bursty0,0.0,0.0
batch0,10.56,9.84
bursty0,0.0,0.0
batch0,10.56,9.84
bursty0,0.0,0.0
batch0,10.56,9.84
bursty0,0.0,0.0
batch0,10.56,9.84
bursty0,0.0,0.0
batch0,10.56,9.84
bursty0,0.0,0.0
batch0,10.56,9.84
bursty0,0.0,0.0
batch0,10.56,9.84
bursty0,0.0,0.0
batch0,10.56,9.84
bursty0,0.0,0.0
batch0,10.56,9.84
bursty0,0.0,0.0
batch0,10.56,9.84
bursty0,0.0,0.0
batch0,10.56,9.84
bursty0,0.0,0.0
batch0,10.56,9.84
bursty0,0.0,0.0
batch0,10.56,9.84
bursty0,0.0,0.0
batch0,10.56,9.84
bursty0,0.0,0.0
batch0,10.56,9.84
bursty0,0.0,0.0
batch0,10.56,9.84
bursty0,0.0,0.0
batch0,10.56,9.84
bursty0,0.0,0.0
batch0,10.56,9.84
bursty0,0.0,0.0
batch0,10.56,9.84
bursty0,0.0,0.0
batch0,10.56,9.84
bursty0,0.0,0.0
batch0,10.56,9.84
bursty0,0.0,0.0
batch0,10.56,9.84
bursty0,0.0,0.0
batch0,10.56,9.84
bursty0,0.0,0.0
batch0,10.56,9.84
bursty0,0.0,0.0
batch0,10.56,9.84
bursty0,0.0,0.0
batch0,10.56,9.84
bursty0,0.0,0.0
batch0,10.56,9.84
bursty0,0.0,0.0
batch0,10.56,9.84
bursty0,0.0,0.0
batch0,10.56,9.84
bursty0,0.0,0.0
batch0,10.56,9.84
bursty0,0.0,0.0
batch0,10.56,9.84
bursty0,0.0,0.0
batch0,10.56,9.84
bursty0,0.0,0.0
batch0,10.56,9.84
bursty0,0.0,0.0
batch0,10.56,9.84
bursty0,0.0,0.0
batch0,10.56,9.84
bursty0,0.0,0.0
batch0,10.56,9.84
bursty0,0.0,0.0
batch0,10.56,9.84
bursty0,0.0,0.0
batch0,10.56,9.84
bursty0,0.0,0.0
batch0,10.56,9.84
bursty0,0.0,0.0
batch0,10.56,9.84
bursty0,0.0,0.0
batch0,10.56,9.84
bursty0,0.0,0.0
batch0,10.56,9.84
bursty0,0.0,0.0
batch0,10.56,9.84
bursty0,0.0,0.0
batch0,10.56,9.84
bursty0,0.0,0.0
batch0,10.56,9.84
bursty0,0.0,0.0
batch0,10.56,9.84
bursty0,0.0,0.0
batch0,10.56,9.84
bursty0,0.0,0.0
batch0,10.56,9.84
bursty0,0.0,0.0
batch0,10.56,9.84
bursty0,0.0,0.0
batch0,10.56,9.84
bursty0,0.0,0.0
batch0,10.56,9.84
bursty0,0.0,0.0
batch0,10.56,9.84
bursty0,0.0,0.0
batch0,10.56,9.84
bursty0,0.0,0.0
batch0,10.56,9.84
bursty0,0.0,0.0
batch0,10.56,9.84
bursty0,0.0,0.0
batch0,10.56,9.84
bursty0,0.0,0.0
batch0,10.56,9.84
bursty0,0.0,0.0
batch0,10.56,9.84
bursty0,0.0,0.0
batch0,10.56,9.84
bursty0,0.0,0.0
batch0,10.56,9.84
bursty0,0.0,0.0
batch0,10.56,9.84
bursty0,0.0,0.0
batch0,10.56,9.84
bursty0,0.0,0.0
batch0,10.56,9.84
bursty0,0.0,0.0
batch0,10.56,9.84
bursty0,0.0,0.0
batch0,10.56,9.84
bursty0,0.0,0.0
batch0,10.56,9.84
bursty0,0.0,0.0
batch0,10.56,9.84
bursty0,0.0,0.0
batch0,10.56,9.84
bursty0,0.0,0.0
batch0,10.56,9.84
bursty0,0.0,0.0
batch0,10.56,9.84
bursty0,0.0,0.0
batch0,10.56,9.84
bursty0,0.0,0.0
batch0,10.56,9.84
bursty0,0.0,0.0
batch0,10.56,9.84
bursty0,0.0,0.0
batch0,10.56,9.84
bursty0,0.0,0.0
batch0,10.56,9.84
bursty0,0.0,0.0
batch0,10.56,9.84
bursty0,0.0,0.0
batch0,10.56,9.84
bursty0,0.0,0.0
batch0,10.56,9.84
bursty0,0.0,0.0
batch0,10.56,9.84
bursty0,0.0,0.0
batch0,10.56,9.84
bursty0,0.0,0.0
batch0,10.56,9.84
bursty0,0.0,0.0
batch0,10.56,9.84
bursty0,0.0,0.0
batch0,10.56,9.84
bursty0,0.0,0.0
batch0,10.56,9.84
bursty0,0.0,0.0
batch0,10.56,9.84
bursty0,0.0,0.0
batch0,10.56,9.84
bursty0,0.0,0.0
batch0,10.56,9.84
bursty0,0.0,0.0
batch0,10.56,9.84
bursty0,0.0,0.0
batch0,10.56,9.84
bursty0,0.0,0.0
batch0,10.56,9.84
bursty0,0.0,0.0
batch0,10.56,9.84
bursty0,0.0,0.0
batch0,10.56,9.84
bursty0,0.0,0.0
batch0,10.56,9.84
bursty0,0.0,0.0
batch0,10.56,9.84
bursty0,0.0,0.0
batch0,10.56,9.84
bursty0,0.0,0.0
batch0,10.56,9.84
bursty0,0.0,0.0
batch0,10.56,9.84
bursty0,0.0,0.0
batch0,10.56,9.84
bursty0,0.0,0.0
batch0,10.56,9.84
bursty0,0.0,0.0
batch0,10.56,9.84
bursty0,0.0,0.0
batch0,10.56,9.84
bursty0,0.0,0.0
batch0,10.56,9.84
bursty0,0.0,0.0
batch0,10.56,9.84
bursty0,0.0,0.0
batch0,10.56,9.84
bursty0,0.0,0.0
batch0,10.56,9.84
bursty0,0.0,0.0
batch0,10.56,9.84
bursty0,0.0,0.0
batch0,10.56,9.84
bursty0,0.0,0.0
batch0,10.56,9.84
bursty0,0.0,0.0
batch0,10.56,9.84
bursty0,0.0,0.0
batch0,10.56,9.84
bursty0,0.0,0.0
batch0,10.56,9.84
bursty0,0.0,0.0
batch0,10.56,9.84
bursty0,0.0,0.0
batch0,10.56,9.84
bursty0,0.0,0.0
batch0,10.56,9.84
bursty0,0.0,0.0
batch0,10.56,9.84
bursty0,0.0,0.0
batch0,10.56,9.84
bursty0,0.0,0.0
batch0,10.56,9.84
bursty0,0.0,0.0
batch0,10.56,9.84
bursty0,0.0,0.0
batch0,10.56,9.84
bursty0,0.0,0.0
batch0,10.56,9.84
bursty0,0.0,0.0
batch0,10.56,9.84
bursty0,0.0,0.0
batch0,10.56,9.84
bursty0,0.0,0.0
batch0,10.56,9.84
bursty0,0.0,0.0
batch0,10.56,9.84
bursty0,0.0,0.0
batch0,8.75,7.22
bursty0,0.0,0.0
batch0,8.75,7.22
bursty0,0.0,0.0
batch0,8.52,6.96
bursty0,0.0,0.0
batch0,8.52,6.96
bursty0,0.0,0.0
batch0,8.52,6.96
bursty0,0.0,0.0
batch0,8.52,6.96
bursty0,0.0,0.0
batch0,8.52,6.96
bursty0,0.0,0.0
batch0,8.52,6.96
bursty0,0.0,0.0
batch0,8.52,6.96
bursty0,0.0,0.0
batch0,8.52,6.96
bursty0,0.0,0.0
batch0,8.52,6.96
bursty0,0.0,0.0
batch0,8.52,6.96
bursty0,0.0,0.0
batch0,8.52,6.96
bursty0,0.0,0.0
batch0,8.52,6.96
bursty0,0.0,0.0
batch0,8.52,6.96
bursty0,0.0,0.0
batch0,8.52,6.96
bursty0,0.0,0.0
batch0,8.52,6.96
bursty0,0.0,0.0
batch0,8.52,6.96
bursty0,0.0,0.0
batch0,8.52,6.96
bursty0,0.0,0.0
batch0,8.52,6.96
bursty0,0.0,0.0
batch0,8.52,6.96
bursty0,0.0,0.0
batch0,8.52,6.96
bursty0,0.0,0.0
batch0,8.52,6.96
bursty0,0.0,0.0
batch0,8.52,6.96
bursty0,0.0,0.0
batch0,8.52,6.96
bursty0,0.0,0.0
batch0,8.52,6.96
bursty0,0.0,0.0
batch0,8.52,6.96
bursty0,0.0,0.0
batch0,6.71,4.34
bursty0,0.0,0.0
batch0,6.71,4.34
bursty0,0.0,0.0
batch0,6.48,4.08
bursty0,0.0,0.0
batch0,6.48,4.08
bursty0,0.0,0.0
batch0,6.48,4.08
bursty0,0.0,0.0
batch0,6.48,4.08
bursty0,0.0,0.0
batch0,6.48,4.08
bursty0,0.0,0.0
batch0,6.48,4.08
bursty0,0.0,0.0
batch0,6.48,4.08
bursty0,0.0,0.0
batch0,6.48,4.08
bursty0,0.0,0.0
batch0,6.48,4.08
bursty0,0.0,0.0
batch0,6.48,4.08
bursty0,0.0,0.0
batch0,6.48,4.08
bursty0,0.0,0.0
batch0,6.48,4.08
bursty0,0.0,0.0
batch0,6.48,4.08
bursty0,0.0,0.0
batch0,6.48,4.08
bursty0,0.0,0.0
batch0,6.48,4.08
bursty0,0.0,0.0
batch0,6.48,4.08
bursty0,0.0,0.0
batch0,6.48,4.08
bursty0,0.0,0.0
batch0,6.48,4.08
bursty0,0.0,0.0
batch0,6.48,4.08
bursty0,0.0,0.0
batch0,6.48,4.08
bursty0,0.0,0.0
batch0,6.48,4.08
bursty0,0.0,0.0
batch0,6.48,4.08
bursty0,0.0,0.0
batch0,6.48,4.08
bursty0,0.0,0.0
batch0,6.48,4.08
bursty0,0.0,0.0
batch0,6.48,4.08
bursty0,0.0,0.0
batch0,6.48,4.08
bursty0,0.0,0.0
batch0,6.48,4.08
bursty0,0.0,0.0
batch0,6.48,4.08
bursty0,0.0,0.0
batch0,6.48,4.08
bursty0,0.0,0.0
batch0,6.48,4.08
bursty0,0.0,0.0
batch0,6.48,4.08
bursty0,0.0,0.0
batch0,6.48,4.08
bursty0,0.0,0.0
batch0,6.48,4.08
bursty0,0.0,0.0
batch0,6.48,4.08
bursty0,0.0,0.0
batch0,6.48,4.08
bursty0,0.0,0.0
batch0,6.48,4.08
bursty0,0.0,0.0
batch0,6.48,4.08
bursty0,0.0,0.0
batch0,6.48,4.08
bursty0,0.0,0.0
batch0,6.48,4.08
bursty0,0.0,0.0
batch0,6.48,4.08
bursty0,0.0,0.0
batch0,6.48,4.08
bursty0,0.0,0.0
batch0,6.48,4.08
bursty0,0.0,0.0
batch0,6.48,4.08
bursty0,0.0,0.0
batch0,6.48,4.08
bursty0,0.0,0.0
batch0,6.48,4.08
bursty0,0.0,0.0
batch0,6.48,4.08
bursty0,0.0,0.0
batch0,6.48,4.08
bursty0,0.0,0.0
batch0,6.48,4.08
bursty0,0.0,0.0
batch0,6.48,4.08
bursty0,0.0,0.0
batch0,6.48,4.08
bursty0,0.0,0.0
batch0,5.28,4.92
bursty0,0.0,0.0
batch0,5.28,4.92
bursty0,0.0,0.0
batch0,5.28,4.92
bursty0,0.0,0.0
batch0,5.28,4.92
bursty0,0.0,0.0
batch0,5.28,4.92
bursty0,0.0,0.0
batch0,5.28,4.92
bursty0,0.0,0.0
batch0,5.28,4.92
bursty0,0.0,0.0
batch0,5.28,4.92
bursty0,0.0,0.0
batch0,5.28,4.92
bursty0,0.0,0.0
batch0,5.28,4.92
bursty0,0.0,0.0
batch0,5.28,4.92
bursty0,0.0,0.0
batch0,5.28,4.92
bursty0,0.0,0.0
batch0,5.28,4.92
bursty0,0.0,0.0
batch0,5.28,4.92
bursty0,0.0,0.0
batch0,5.28,4.92
bursty0,0.0,0.0
batch0,5.28,4.92
bursty0,0.0,0.0
batch0,5.28,4.92
bursty0,0.0,0.0
batch0,5.28,4.92
bursty0,0.0,0.0
batch0,5.28,4.92
bursty0,0.0,0.0
batch0,5.28,4.92
bursty0,0.0,0.0
batch0,5.28,4.92
bursty0,0.0,0.0
batch0,5.28,4.92
bursty0,0.0,0.0
batch0,5.28,4.92
bursty0,0.0,0.0
batch0,5.28,4.92
bursty0,0.0,0.0
batch0,5.28,4.92
bursty0,0.0,0.0
batch0,5.28,4.92
bursty0,0.0,0.0
batch0,5.28,4.92
bursty0,0.0,0.0
batch0,5.28,4.92
bursty0,0.0,0.0
batch0,5.28,4.92
bursty0,0.0,0.0
batch0,5.28,4.92
bursty0,0.0,0.0
batch0,5.28,4.92
bursty0,0.0,0.0
batch0,5.28,4.92
bursty0,0.0,0.0
batch0,5.28,4.92
bursty0,0.0,0.0
batch0,5.28,4.92
bursty0,0.0,0.0
batch0,5.28,4.92
bursty0,0.0,0.0
batch0,5.28,4.92
bursty0,0.0,0.0
batch0,5.28,4.92
bursty0,0.0,0.0
batch0,5.28,4.92
bursty0,0.0,0.0
batch0,5.28,4.92
bursty0,0.0,0.0
batch0,5.28,4.92
bursty0,0.0,0.0
batch0,5.28,4.92
bursty0,0.0,0.0
batch0,5.28,4.92
bursty0,0.0,0.0
batch0,5.28,4.92
bursty0,0.0,0.0
batch0,5.28,4.92
bursty0,0.0,0.0
batch0,5.28,4.92
bursty0,0.0,0.0
batch0,5.28,4.92
bursty0,0.0,0.0
batch0,5.28,4.92
bursty0,0.0,0.0
batch0,5.28,4.92
bursty0,0.0,0.0
batch0,5.28,4.92
bursty0,0.0,0.0
batch0,5.28,4.92
bursty0,0.0,0.0
batch0,5.28,4.92
bursty0,0.0,0.0
batch0,5.28,4.92
bursty0,0.0,0.0
batch0,5.28,4.92
bursty0,0.0,0.0
batch0,5.28,4.92
bursty0,0.0,0.0
batch0,5.28,4.92
bursty0,0.0,0.0
batch0,5.28,4.92
bursty0,0.0,0.0
batch0,5.28,4.92
bursty0,0.0,0.0
batch0,5.28,4.92
bursty0,0.0,0.0
batch0,5.28,4.92
bursty0,0.0,0.0
batch0,5.28,4.92
bursty0,0.0,0.0
batch0,5.28,4.92
bursty0,0.0,0.0
batch0,5.28,4.92
bursty0,0.0,0.0
batch0,5.28,4.92
bursty0,0.0,0.0
batch0,5.28,4.92
bursty0,0.0,0.0
batch0,5.28,4.92
bursty0,0.0,0.0
batch0,5.28,4.92
bursty0,0.0,0.0
batch0,5.28,4.92
bursty0,0.0,0.0
batch0,5.28,4.92
bursty0,0.0,0.0
batch0,5.28,4.92
bursty0,0.0,0.0
batch0,5.28,4.92
bursty0,0.0,0.0
batch0,5.28,4.92
bursty0,0.0,0.0
batch0,5.28,4.92
bursty0,0.0,0.0
batch0,5.28,4.92
bursty0,0.0,0.0
batch0,5.28,4.92
bursty0,0.0,0.0
batch0,5.28,4.92
bursty0,0.0,0.0
batch0,5.28,4.92
bursty0,0.0,0.0
batch0,5.28,4.92
bursty0,0.0,0.0
batch0,5.28,4.92
bursty0,0.0,0.0
batch0,5.28,4.92
bursty0,0.0,0.0
batch0,5.28,4.92
bursty0,0.0,0.0
batch0,5.28,4.92
bursty0,0.0,0.0
batch0,5.28,4.92
bursty0,0.0,0.0
batch0,5.28,4.92
bursty0,0.0,0.0
batch0,5.28,4.92
bursty0,0.0,0.0
batch0,5.28,4.92
bursty0,0.0,0.0
batch0,5.28,4.92
bursty0,0.0,0.0
batch0,5.28,4.92
bursty0,0.0,0.0
batch0,4.08,5.76
bursty0,0.0,0.0
batch0,4.08,5.76
bursty0,0.0,0.0
batch0,4.08,5.76
bursty0,0.0,0.0
batch0,4.08,5.76
bursty0,0.0,0.0
batch0,4.08,5.76
bursty0,0.0,0.0
batch0,4.08,5.76
bursty0,0.0,0.0
batch0,4.08,5.76
bursty0,0.0,0.0
batch0,4.08,5.76
bursty0,0.0,0.0
batch0,4.08,5.76
bursty0,0.0,0.0
batch0,4.08,5.76
bursty0,0.0,0.0
batch0,4.08,5.76
bursty0,0.0,0.0
batch0,4.08,5.76
bursty0,0.0,0.0
batch0,4.08,5.76
bursty0,0.0,0.0
batch0,4.08,5.76
bursty0,0.0,0.0
batch0,4.08,5.76
bursty0,0.0,0.0
batch0,4.08,5.76
bursty0,0.0,0.0
batch0,4.08,5.76
bursty0,0.0,0.0
batch0,4.08,5.76
bursty0,0.0,0.0
batch0,4.08,5.76
bursty0,0.0,0.0
batch0,4.08,5.76
bursty0,0.0,0.0
batch0,4.08,5.76
bursty0,0.0,0.0
batch0,4.08,5.76
bursty0,0.0,0.0
batch0,4.08,5.76
bursty0,0.0,0.0
batch0,4.08,5.76
bursty0,0.0,0.0
batch0,4.08,5.76
bursty0,0.0,0.0
batch0,4.08,5.76
bursty0,0.0,0.0
batch0,4.08,5.76
bursty0,0.0,0.0
batch0,4.08,5.76
bursty0,0.0,0.0
batch0,4.08,5.76
bursty0,0.0,0.0
batch0,4.08,5.76
bursty0,0.0,0.0
batch0,4.08,5.76
bursty0,0.0,0.0
batch0,4.08,5.76
bursty0,0.0,0.0
batch0,4.08,5.76
bursty0,0.0,0.0
batch0,4.08,5.76
bursty0,0.0,0.0
batch0,4.08,5.76
bursty0,0.0,0.0
batch0,4.08,5.76
bursty0,0.0,0.0
batch0,4.08,5.76
bursty0,0.0,0.0
batch0,4.08,5.76
bursty0,0.0,0.0
batch0,4.08,5.76
bursty0,0.0,0.0
batch0,4.08,5.76
bursty0,0.0,0.0
batch0,4.08,5.76
bursty0,0.0,0.0
batch0,4.08,5.76
bursty0,0.0,0.0
batch0,4.08,5.76
bursty0,0.0,0.0
batch0,4.08,5.76
bursty0,0.0,0.0
batch0,4.08,5.76
bursty0,0.0,0.0
batch0,4.08,5.76
bursty0,0.0,0.0
batch0,4.08,5.76
bursty0,0.0,0.0
batch0,4.08,5.76
bursty0,0.0,0.0
batch0,4.08,5.76
bursty0,0.0,0.0
batch0,4.08,5.76
bursty0,0.0,0.0
batch0,4.08,5.76
bursty0,0.0,0.0
batch0,4.08,5.76
bursty0,0.0,0.0
batch0,4.08,5.76
bursty0,0.0,0.0
batch0,4.08,5.76
bursty0,0.0,0.0
batch0,4.08,5.76
bursty0,0.0,0.0
batch0,4.08,5.76
bursty0,0.0,0.0
batch0,4.08,5.76
bursty0,0.0,0.0
batch0,4.08,5.76
bursty0,0.0,0.0
batch0,4.08,5.76
bursty0,0.0,0.0
batch0,4.08,5.76
bursty0,0.0,0.0
batch0,4.08,5.76
bursty0,0.0,0.0
batch0,4.08,5.76
bursty0,0.0,0.0
batch0,4.08,5.76
bursty0,0.0,0.0
batch0,4.08,5.76
bursty0,0.0,0.0
batch0,4.08,5.76
bursty0,0.0,0.0
batch0,4.08,5.76
bursty0,0.0,0.0
batch0,4.08,5.76
bursty0,0.0,0.0
batch0,4.08,5.76
bursty0,0.0,0.0
batch0,4.08,5.76
bursty0,0.0,0.0
batch0,4.08,5.76
bursty0,0.0,0.0
batch0,4.08,5.76
bursty0,0.0,0.0
batch0,4.08,5.76
bursty0,0.0,0.0
batch0,4.08,5.76
bursty0,0.0,0.0
batch0,4.08,5.76
bursty0,0.0,0.0
batch0,4.08,5.76
bursty0,0.0,0.0
batch0,4.08,5.76
bursty0,0.0,0.0
batch0,4.08,5.76
bursty0,0.0,0.0
batch0,4.08,5.76
bursty0,0.0,0.0
batch0,4.08,5.76
bursty0,0.0,0.0
batch0,4.08,5.76
bursty0,0.0,0.0
batch0,4.08,5.76
bursty0,0.0,0.0
batch0,4.08,5.76
bursty0,0.0,0.0
batch0,4.08,5.76
bursty0,0.0,0.0
batch0,4.08,5.76
bursty0,0.0,0.0
batch0,4.08,5.76
bursty0,0.0,0.0
batch0,4.08,5.76
bursty0,0.0,0.0
batch0,4.08,5.76
bursty0,0.0,0.0
batch0,4.08,5.76
bursty0,0.0,0.0
batch0,4.08,5.76
bursty0,0.0,0.0
batch0,4.08,5.76
bursty0,0.0,0.0
batch0,4.08,5.76
bursty0,0.0,0.0
batch0,4.08,5.76
bursty0,0.0,0.0
batch0,4.08,5.76
bursty0,0.0,0.0
batch0,4.08,5.76
bursty0,0.0,0.0
batch0,4.08,5.76
bursty0,0.0,0.0
batch0,4.08,5.76
bursty0,0.0,0.0
batch0,4.08,5.76
bursty0,0.0,0.0
batch0,4.08,5.76
bursty0,0.0,0.0
batch0,4.08,5.76
bursty0,0.0,0.0
batch0,4.08,5.76
bursty0,0.0,0.0
batch0,4.08,5.76
bursty0,0.0,0.0
batch0,4.08,5.76
bursty0,0.0,0.0
batch0,4.08,5.76
bursty0,0.0,0.0
batch0,4.08,5.76
bursty0,0.0,0.0
batch0,4.08,5.76
bursty0,0.0,0.0
batch0,4.08,5.76
bursty0,0.0,0.0
batch0,4.08,5.76
bursty0,0.0,0.0
batch0,4.08,5.76
bursty0,0.0,0.0
batch0,4.08,5.76
bursty0,0.0,0.0
batch0,4.08,5.76
bursty0,0.0,0.0
batch0,4.08,5.76
bursty0,0.0,0.0
batch0,4.08,5.76
bursty0,0.0,0.0
batch0,4.08,5.76
bursty0,0.0,0.0
batch0,4.08,5.76
bursty0,0.0,0.0
batch0,4.08,5.76
bursty0,0.0,0.0
batch0,4.08,5.76
bursty0,0.0,0.0
batch0,4.08,5.76
bursty0,0.0,0.0
batch0,4.08,5.76
bursty0,0.0,0.0
batch0,4.08,5.76
bursty0,0.0,0.0
batch0,4.08,5.76
bursty0,0.0,0.0
batch0,4.08,5.76
bursty0,0.0,0.0
batch0,4.08,5.76
bursty0,0.0,0.0
batch0,4.08,5.76
bursty0,0.0,0.0
batch0,4.08,5.76
bursty0,0.0,0.0
batch0,4.08,5.76
bursty0,0.0,0.0
batch0,4.08,5.76
bursty0,0.0,0.0
batch0,4.08,5.76
bursty0,0.0,0.0
batch0,4.08,5.76
bursty0,0.0,0.0
batch0,4.08,5.76
bursty0,0.0,0.0
batch0,4.08,5.76
bursty0,0.0,0.0
batch0,4.08,5.76
bursty0,0.0,0.0
batch0,4.08,5.76
bursty0,0.0,0.0
batch0,4.08,5.76
bursty0,0.0,0.0
batch0,4.08,5.76
bursty0,0.0,0.0
batch0,4.08,5.76
bursty0,0.0,0.0
batch0,4.08,5.76
bursty0,0.0,0.0
batch0,4.08,5.76
bursty0,0.0,0.0
batch0,4.08,5.76
bursty0,0.0,0.0
batch0,4.08,5.76
bursty0,0.0,0.0
batch0,4.08,5.76
bursty0,0.0,0.0
batch0,4.08,5.76
bursty0,0.0,0.0
batch0,4.08,5.76
bursty0,0.0,0.0
batch0,4.08,5.76
bursty0,0.0,0.0
batch0,4.08,5.76
bursty0,0.0,0.0
batch0,4.08,5.76
bursty0,0.0,0.0
batch0,4.08,5.76
bursty0,0.0,0.0
batch0,4.08,5.76
bursty0,0.0,0.0
batch0,4.08,5.76
bursty0,0.0,0.0
batch0,4.08,5.76
bursty0,0.0,0.0
batch0,4.08,5.76
bursty0,0.0,0.0
batch0,4.08,5.76
bursty0,0.0,0.0
batch0,4.08,5.76
bursty0,0.0,0.0
batch0,4.08,5.76
bursty0,0.0,0.0
batch0,4.08,5.76
bursty0,0.0,0.0
batch0,4.08,5.76
bursty0,0.0,0.0
batch0,4.08,5.76
bursty0,0.0,0.0
batch0,4.08,5.76
bursty0,0.0,0.0
batch0,4.08,5.76
bursty0,0.0,0.0
batch0,4.08,5.76
bursty0,0.0,0.0
batch0,4.08,5.76
bursty0,0.0,0.0
batch0,4.08,5.76
bursty0,0.0,0.0
batch0,4.08,5.76
bursty0,0.0,0.0
batch0,4.08,5.76
bursty0,0.0,0.0
batch0,4.08,5.76
bursty0,0.0,0.0
batch0,4.08,5.76
bursty0,0.0,0.0
batch0,4.08,5.76
bursty0,0.0,0.0
batch0,4.08,5.76
bursty0,0.0,0.0
batch0,4.08,5.76
bursty0,0.0,0.0
batch0,4.08,5.76
bursty0,0.0,0.0
batch0,4.08,5.76
bursty0,0.0,0.0
batch0,4.08,5.76
bursty0,0.0,0.0
batch0,4.08,5.76
bursty0,0.0,0.0
batch0,4.08,5.76
bursty0,0.0,0.0
batch0,4.08,5.76
bursty0,0.0,0.0
batch0,4.08,5.76
bursty0,0.0,0.0
batch0,4.08,5.76
bursty0,0.0,0.0
batch0,4.08,5.76
bursty0,0.0,0.0
batch0,4.08,5.76
bursty0,0.0,0.0
batch0,4.08,5.76
bursty0,0.0,0.0
batch0,4.08,5.76
bursty0,0.0,0.0
batch0,4.08,5.76
bursty0,0.0,0.0
batch0,4.08,5.76
bursty0,0.0,0.0
batch0,4.08,5.76
bursty0,0.0,0.0
batch0,4.08,5.76
bursty0,0.0,0.0
batch0,4.08,5.76
bursty0,0.0,0.0
batch0,4.08,5.76
bursty0,0.0,0.0
batch0,4.08,5.76
bursty0,0.0,0.0
batch0,4.08,5.76
bursty0,0.0,0.0
batch0,4.08,5.76
bursty0,0.0,0.0
batch0,2.27,3.14
bursty0,0.0,0.0
batch0,2.27,3.14
bursty0,0.0,0.0
batch0,2.04,2.88
bursty0,0.0,0.0
batch0,2.04,2.88
bursty0,0.0,0.0
batch0,2.04,2.88
bursty0,0.0,0.0
batch0,2.04,2.88
bursty0,0.0,0.0
batch0,2.04,2.88
bursty0,0.0,0.0
batch0,2.04,2.88
bursty0,0.0,0.0
batch0,2.04,2.88
bursty0,0.0,0.0
batch0,2.04,2.88
bursty0,0.0,0.0
batch0,2.04,2.88
bursty0,0.0,0.0
batch0,2.04,2.88
bursty0,0.0,0.0
batch0,2.04,2.88
bursty0,0.0,0.0
batch0,2.04,2.88
bursty0,0.0,0.0
batch0,2.04,2.88
bursty0,0.0,0.0
batch0,2.04,2.88
bursty0,0.0,0.0
batch0,2.04,2.88
bursty0,0.0,0.0
batch0,2.04,2.88
bursty0,0.0,0.0
batch0,2.04,2.88
bursty0,0.0,0.0
batch0,2.04,2.88
bursty0,0.0,0.0
batch0,2.04,2.88
bursty0,0.0,0.0
batch0,2.04,2.88
bursty0,0.0,0.0
batch0,2.04,2.88
bursty0,0.0,0.0
batch0,2.04,2.88
bursty0,0.0,0.0
batch0,2.04,2.88
bursty0,0.0,0.0
batch0,2.04,2.88
bursty0,0.0,0.0
batch0,2.04,2.88
bursty0,0.0,0.0
batch0,2.04,2.88
bursty0,0.0,0.0
batch0,2.04,2.88
bursty0,0.0,0.0
batch0,2.04,2.88
bursty0,0.0,0.0
batch0,2.04,2.88
bursty0,0.0,0.0
batch0,2.04,2.88
bursty0,0.0,0.0
batch0,2.04,2.88
bursty0,0.0,0.0
batch0,2.04,2.88
bursty0,0.0,0.0
batch0,2.04,2.88
bursty0,0.0,0.0
batch0,2.04,2.88
bursty0,0.0,0.0
batch0,2.04,2.88
bursty0,0.0,0.0
batch0,2.04,2.88
bursty0,0.0,0.0
batch0,2.04,2.88
bursty0,0.0,0.0
batch0,2.04,2.88
bursty0,0.0,0.0
batch0,2.04,2.88
bursty0,0.0,0.0
batch0,2.04,2.88
bursty0,0.0,0.0
batch0,2.04,2.88
bursty0,0.0,0.0
batch0,2.04,2.88
bursty0,0.0,0.0
batch0,2.04,2.88
bursty0,0.0,0.0
batch0,2.04,2.88
bursty0,0.0,0.0
batch0,2.04,2.88
bursty0,0.0,0.0
batch0,2.04,2.88
bursty0,0.0,0.0
batch0,2.04,2.88
bursty0,0.0,0.0
batch0,2.04,2.88
bursty0,0.0,0.0
batch0,2.04,2.88
bursty0,0.0,0.0
batch0,2.04,2.88
bursty0,0.0,0.0
batch0,2.04,2.88
bursty0,0.0,0.0
batch0,2.04,2.88
bursty0,0.0,0.0
batch0,2.04,2.88
bursty0,0.0,0.0
batch0,2.04,2.88
bursty0,0.0,0.0
batch0,2.04,2.88
bursty0,0.0,0.0
batch0,2.04,2.88
bursty0,0.0,0.0
batch0,2.04,2.88
bursty0,0.0,0.0
batch0,2.04,2.88
bursty0,0.0,0.0
batch0,2.04,2.88
bursty0,0.0,0.0
batch0,2.04,2.88
bursty0,0.0,0.0
batch0,2.04,2.88
bursty0,0.0,0.0
batch0,2.04,2.88
bursty0,0.0,0.0
batch0,2.04,2.88
bursty0,0.0,0.0
batch0,2.04,2.88
bursty0,0.0,0.0
batch0,2.04,2.88
bursty0,0.0,0.0
batch0,2.04,2.88
bursty0,0.0,0.0
batch0,2.04,2.88
bursty0,0.0,0.0
batch0,2.04,2.88
bursty0,0.0,0.0
batch0,2.04,2.88
bursty0,0.0,0.0
batch0,2.04,2.88
bursty0,0.0,0.0
batch0,2.04,2.88
bursty0,0.0,0.0
batch0,2.04,2.88
bursty0,0.0,0.0
batch0,2.04,2.88
bursty0,0.0,0.0
batch0,2.04,2.88
bursty0,0.0,0.0
batch0,2.04,2.88
bursty0,0.0,0.0
batch0,2.04,2.88
bursty0,0.0,0.0
batch0,2.04,2.88
bursty0,0.0,0.0
batch0,2.04,2.88
bursty0,0.0,0.0
batch0,2.04,2.88
bursty0,0.0,0.0
batch0,2.04,2.88
bursty0,0.0,0.0
batch0,2.04,2.88
bursty0,0.0,0.0
batch0,2.04,2.88
bursty0,0.0,0.0
batch0,2.04,2.88
bursty0,0.0,0.0
batch0,2.04,2.88
bursty0,0.0,0.0
batch0,2.04,2.88
bursty0,0.0,0.0
batch0,0.23,0.26
bursty0,0.0,0.0
batch0,0.23,0.26
bursty0,0.0,0.0
